"Date","ERCOT(MW)"
2016-01-01,855877.832302079
2016-01-02,912963.429347223
2016-01-03,852169.520525042
2016-01-04,925112.5462811
2016-01-05,964289.228617995
2016-01-06,918769.990471026
2016-01-07,826844.636972089
2016-01-08,825908.716066127
2016-01-09,884349.571726058
2016-01-10,978014.569115054
2016-01-11,1005315.84136307
2016-01-12,935416.883419085
2016-01-13,887556.179292071
2016-01-14,841715.36549909
2016-01-15,810101.364648164
2016-01-16,863528.445233072
2016-01-17,897005.904085095
2016-01-18,951169.115928157
2016-01-19,891222.036230043
2016-01-20,887949.638833125
2016-01-21,889902.337703073
2016-01-22,979655.542729105
2016-01-23,950896.989063056
2016-01-24,866642.436160086
2016-01-25,801152.689179128
2016-01-26,891185.836405079
2016-01-27,949179.000230064
2016-01-28,923676.107046097
2016-01-29,845829.950627019
2016-01-30,756036.010668084
2016-01-31,727265.666694139
2016-02-01,802700.651253067
2016-02-02,789020.547451062
2016-02-03,867203.321324055
2016-02-04,926854.314017084
2016-02-05,919690.160134053
2016-02-06,850369.896677161
2016-02-07,846281.783352092
2016-02-08,879172.9399361
2016-02-09,894982.527357104
2016-02-10,852653.586041083
2016-02-11,803560.265767169
2016-02-12,790437.208094183
2016-02-13,749519.062304095
2016-02-14,723704.565408185
2016-02-15,781661.664930179
2016-02-16,799658.706624135
2016-02-17,795676.721919116
2016-02-18,799261.08936616
2016-02-19,800199.545119182
2016-02-20,762604.704867147
2016-02-21,738931.084008119
2016-02-22,776283.967428111
2016-02-23,826414.419301082
2016-02-24,853144.396888051
2016-02-25,845241.652675059
2016-02-26,831127.701826039
2016-02-27,766207.177730077
2016-02-28,725168.580483088
2016-02-29,786156.330447028
2016-03-01,791214.476447038
2016-03-02,790100.199593069
2016-03-03,805130.72414306
2016-03-04,775547.700599061
2016-03-05,740554.005861082
2016-03-06,726835.419751081
2016-03-07,794142.74202309
2016-03-08,812192.178517091
2016-03-09,781300.7531711
2016-03-10,774469.007078084
2016-03-11,772803.075387076
2016-03-12,732312.774535197
2016-03-13,711287.830184141
2016-03-14,822734.142951
2016-03-15,853986.668058007
2016-03-16,821096.044092012
2016-03-17,822225.274474125
2016-03-18,828877.877856042
2016-03-19,739872.556906053
2016-03-20,741938.735956111
2016-03-21,816062.804795018
2016-03-22,793377.528914081
2016-03-23,811296.292786088
2016-03-24,770503.068126125
2016-03-25,757656.598927065
2016-03-26,725258.707779105
2016-03-27,718372.326521165
2016-03-28,784332.901450081
2016-03-29,796350.386638094
2016-03-30,832639.87471006
2016-03-31,869110.701740032
2016-04-01,770028.125560103
2016-04-02,728697.026075149
2016-04-03,726716.532797122
2016-04-04,804562.19191007
2016-04-05,823951.190616118
2016-04-06,811925.030252134
2016-04-07,823241.69756308
2016-04-08,795971.695309062
2016-04-09,745657.795444143
2016-04-10,775223.451402151
2016-04-11,886218.44003809
2016-04-12,835150.775555097
2016-04-13,796252.005556255
2016-04-14,815928.841811101
2016-04-15,825756.482503095
2016-04-16,803400.064215105
2016-04-17,793666.115238145
2016-04-18,807938.93362506
2016-04-19,841943.645644102
2016-04-20,849020.386543134
2016-04-21,839485.913336052
2016-04-22,850573.41556314
2016-04-23,817043.217423041
2016-04-24,788019.968257066
2016-04-25,954534.18077096
2016-04-26,983616.998605992
2016-04-27,936374.38202099
2016-04-28,945632.252308076
2016-04-29,980183.193942034
2016-04-30,900034.183185057
2016-05-01,853074.863556075
2016-05-02,808690.149957074
2016-05-03,804787.804411143
2016-05-04,851098.78683906
2016-05-05,888074.592129068
2016-05-06,892798.327379062
2016-05-07,860671.217506093
2016-05-08,806128.113929096
2016-05-09,932979.42168604
2016-05-10,1052728.315409
2016-05-11,1024293.51238298
2016-05-12,993063.726768996
2016-05-13,986106.344995938
2016-05-14,867072.316237997
2016-05-15,780681.442419029
2016-05-16,871129.99922299
2016-05-17,917938.775318968
2016-05-18,857475.964132973
2016-05-19,809697.586627209
2016-05-20,872565.207561029
2016-05-21,904689.708269024
2016-05-22,945626.132245039
2016-05-23,993948.050128009
2016-05-24,1041931.20519598
2016-05-25,1093530.10558601
2016-05-26,1043356.43448907
2016-05-27,939359.510139055
2016-05-28,946693.541885029
2016-05-29,961814.799337003
2016-05-30,943749.714708038
2016-05-31,985256.231093996
2016-06-01,955889.381378063
2016-06-02,913504.606001099
2016-06-03,911861.18266504
2016-06-04,876378.103940048
2016-06-05,898579.445172092
2016-06-06,995109.140031041
2016-06-07,1059051.27179107
2016-06-08,1089855.16641696
2016-06-09,1106596.29443698
2016-06-10,1112435.83580196
2016-06-11,1090363.90064199
2016-06-12,1051541.01181804
2016-06-13,1119470.54896394
2016-06-14,1167515.47289395
2016-06-15,1228189.72430892
2016-06-16,1236763.1865239
2016-06-17,1234901.08944887
2016-06-18,1194512.61931991
2016-06-19,1111043.95564898
2016-06-20,1181208.75621987
2016-06-21,1202343.8072639
2016-06-22,1227519.34989192
2016-06-23,1220917.94229795
2016-06-24,1183386.43809693
2016-06-25,1128979.22408596
2016-06-26,1134857.94250397
2016-06-27,1202212.29112194
2016-06-28,1168776.46119605
2016-06-29,1160040.400196
2016-06-30,1205007.42557186
2016-07-01,1208144.36496383
2016-07-02,1191238.48557084
2016-07-03,1196130.33208891
2016-07-04,1176064.95756991
2016-07-05,1244037.59103483
2016-07-06,1285482.65121686
2016-07-07,1282717.1508739
2016-07-08,1270642.68132892
2016-07-09,1191038.99147393
2016-07-10,1158966.73516998
2016-07-11,1263382.79924292
2016-07-12,1263757.12939594
2016-07-13,1301493.7820339
2016-07-14,1301214.56707791
2016-07-15,1246661.59225491
2016-07-16,1200450.75627294
2016-07-17,1183676.21980792
2016-07-18,1250788.78175487
2016-07-19,1250647.64999393
2016-07-20,1274999.54030191
2016-07-21,1287336.64091188
2016-07-22,1290958.97860088
2016-07-23,1277105.5027619
2016-07-24,1272593.7389109
2016-07-25,1263111.26996196
2016-07-26,1173393.53029601
2016-07-27,1153106.94064306
2016-07-28,1169765.89833
2016-07-29,1186337.56419692
2016-07-30,1199192.43339194
2016-07-31,1200534.32179495
2016-08-01,1268431.78459889
2016-08-02,1278271.71810284
2016-08-03,1309130.82888985
2016-08-04,1314362.83218784
2016-08-05,1315480.12841289
2016-08-06,1281474.19165789
2016-08-07,1274610.78906589
2016-08-08,1341348.37105989
2016-08-09,1344664.71769589
2016-08-10,1364478.9984749
2016-08-11,1375876.04107887
2016-08-12,1332748.3183589
2016-08-13,1161329.63646604
2016-08-14,1046697.51975502
2016-08-15,1022779.20732907
2016-08-16,1011164.2778601
2016-08-17,1030173.37274911
2016-08-18,1054349.51946798
2016-08-19,1080103.29130099
2016-08-20,1020606.12545303
2016-08-21,996879.886158998
2016-08-22,1067852.96162298
2016-08-23,1181330.57018497
2016-08-24,1195947.37161598
2016-08-25,1177642.06602594
2016-08-26,1120076.66318805
2016-08-27,1078199.58747996
2016-08-28,1069437.36495298
2016-08-29,1079648.13207001
2016-08-30,1109701.71594099
2016-08-31,1160030.35736598
2016-09-01,1152529.99152596
2016-09-02,1110868.25536805
2016-09-03,1056292.97140189
2016-09-04,1049965.86773992
2016-09-05,1101943.52988591
2016-09-06,1183729.99654086
2016-09-07,1207643.63750087
2016-09-08,1215253.98694388
2016-09-09,1179707.65333291
2016-09-10,1026643.372669
2016-09-11,1008712.40297402
2016-09-12,1109634.13556794
2016-09-13,1124408.62290591
2016-09-14,1143249.187808
2016-09-15,1153294.62894896
2016-09-16,1159713.87164398
2016-09-17,1143003.33928497
2016-09-18,1151527.90668194
2016-09-19,1255969.69739184
2016-09-20,1239750.22464387
2016-09-21,1177481.39476388
2016-09-22,1150522.14549291
2016-09-23,1155112.48830294
2016-09-24,1098315.86339195
2016-09-25,975723.646209008
2016-09-26,936068.719415989
2016-09-27,914563.745363192
2016-09-28,960688.071721085
2016-09-29,936885.50366399
2016-09-30,874610.576147112
2016-10-01,838886.906286
2016-10-02,878565.775623037
2016-10-03,973363.835119027
2016-10-04,1037577.23770801
2016-10-05,1117252.56015193
2016-10-06,1116787.27665997
2016-10-07,985166.159572995
2016-10-08,865448.002789136
2016-10-09,805679.230927036
2016-10-10,863454.328357031
2016-10-11,925355.693287062
2016-10-12,1029171.60614203
2016-10-13,977753.167370071
2016-10-14,946935.158033068
2016-10-15,975141.745714021
2016-10-16,1014260.57608802
2016-10-17,1088592.25461901
2016-10-18,1094977.23453898
2016-10-19,1084824.17237497
2016-10-20,950091.287937027
2016-10-21,808000.583816095
2016-10-22,754397.299615061
2016-10-23,772108.660410061
2016-10-24,904410.627070002
2016-10-25,905401.228530014
2016-10-26,927222.56531403
2016-10-27,937972.384184069
2016-10-28,926923.421454006
2016-10-29,893094.695432038
2016-10-30,895261.339587015
2016-10-31,927825.303649029
2016-11-01,981341.148099977
2016-11-02,1004425.72382495
2016-11-03,943964.520449978
2016-11-04,891852.170178011
2016-11-05,818316.139453087
2016-11-06,811183.568052015
2016-11-07,810748.837911102
2016-11-08,812077.045763029
2016-11-09,796541.185449046
2016-11-10,781797.047960227
2016-11-11,777595.231931128
2016-11-12,749045.112640162
2016-11-13,730326.360340084
2016-11-14,802908.18070616
2016-11-15,826270.632975018
2016-11-16,834346.415409011
2016-11-17,849559.66628105
2016-11-18,827528.735612021
2016-11-19,754906.786013114
2016-11-20,777114.946269018
2016-11-21,803999.529701999
2016-11-22,812405.343655025
2016-11-23,801521.744653104
2016-11-24,742098.127115101
2016-11-25,732545.679418073
2016-11-26,736637.145014152
2016-11-27,751751.557833022
2016-11-28,835816.937522008
2016-11-29,839103.201820989
2016-11-30,816236.06440807
2016-12-01,839887.16927802
2016-12-02,822088.831777028
2016-12-03,825558.462277053
2016-12-04,822024.070828103
2016-12-05,878149.678787091
2016-12-06,873354.592512012
2016-12-07,898483.399927038
2016-12-08,1035791.97140798
2016-12-09,1094950.312225
2016-12-10,984366.991337004
2016-12-11,824957.780683024
2016-12-12,850687.742231146
2016-12-13,860039.971595044
2016-12-14,888932.009199121
2016-12-15,934143.581551045
2016-12-16,885828.119389034
2016-12-17,846436.386239002
2016-12-18,1144382.11537793
2016-12-19,1216147.973142
2016-12-20,1037969.70086597
2016-12-21,908802.474703026
2016-12-22,856319.881345982
2016-12-23,849018.806481016
2016-12-24,796959.577694006
2016-12-25,771292.016000031
2016-12-26,803908.052578094
2016-12-27,832752.222526138
2016-12-28,841061.163667982
2016-12-29,806882.827419047
2016-12-30,860002.501885042
2016-12-31,789749.830325091
2017-01-01,745281.8696406
2017-01-02,774886.5631415
2017-01-03,834258.1688181
2017-01-04,966015.756758
2017-01-05,996215.390791
2017-01-06,1249980.5476358
2017-01-07,1240508.5994976
2017-01-08,1116822.0177981
2017-01-09,933572.1347087
2017-01-10,816569.1892949
2017-01-11,820388.4999537
2017-01-12,833076.8298659
2017-01-13,871006.7582832
2017-01-14,873968.8722044
2017-01-15,814105.9019164
2017-01-16,826187.8296453
2017-01-17,868203.8552588
2017-01-18,874363.5070056
2017-01-19,829806.6762671
2017-01-20,814866.1660759
2017-01-21,779845.4373205
2017-01-22,758441.1333504
2017-01-23,822013.8726921
2017-01-24,823591.848869
2017-01-25,817836.5011725
2017-01-26,885333.8138558
2017-01-27,932273.0270346
2017-01-28,883181.483348
2017-01-29,852212.2313386
2017-01-30,844117.6236955
2017-01-31,817480.8319967
2017-02-01,809657.5662081
2017-02-02,854874.8177658
2017-02-03,884607.4506966
2017-02-04,847694.6753417
2017-02-05,778095.1220114
2017-02-06,825747.5119016
2017-02-07,847437.8326957
2017-02-08,836621.1763038
2017-02-09,823779.2191893
2017-02-10,819960.3903044
2017-02-11,820090.638342
2017-02-12,801507.1545769
2017-02-13,818852.213343
2017-02-14,845441.8788478
2017-02-15,851798.903674
2017-02-16,849816.6595135
2017-02-17,803852.9164588
2017-02-18,775784.6306156
2017-02-19,781653.5366121
2017-02-20,788954.2673609
2017-02-21,792792.1349688
2017-02-22,815466.7306256
2017-02-23,835283.3686873
2017-02-24,807694.5739543
2017-02-25,771227.8809718
2017-02-26,784661.7283555
2017-02-27,836434.8898143
2017-02-28,873748.2361192
2017-03-01,829848.000098
2017-03-02,798711.6638779
2017-03-03,804306.5622296
2017-03-04,775477.4279726
2017-03-05,768369.152022
2017-03-06,853363.2665912
2017-03-07,842775.6312873
2017-03-08,822139.5963965
2017-03-09,844805.4409313
2017-03-10,834300.2649246
2017-03-11,773229.6609011
2017-03-12,725238.9525016
2017-03-13,795101.0708233
2017-03-14,811825.8905657
2017-03-15,790137.3520906
2017-03-16,795521.5140146
2017-03-17,821809.4237338
2017-03-18,820300.4805834
2017-03-19,836185.7017356
2017-03-20,911825.7540389
2017-03-21,909352.190404
2017-03-22,910515.1333039
2017-03-23,906087.6987107
2017-03-24,873502.7442423
2017-03-25,817029.912225
2017-03-26,841312.4116326
2017-03-27,920244.8688616
2017-03-28,931471.3504743
2017-03-29,896746.6164566
2017-03-30,834236.7107951
2017-03-31,865910.1672032
2017-04-01,826927.7011325
2017-04-02,818459.0895701
2017-04-03,856522.6917827
2017-04-04,901450.8909937
2017-04-05,818390.3117489
2017-04-06,806069.5177817
2017-04-07,818740.8351098
2017-04-08,817050.4000701
2017-04-09,844402.5885014
2017-04-10,911110.6503812
2017-04-11,852070.5221897
2017-04-12,842537.5365676
2017-04-13,878728.038406
2017-04-14,864626.4316888
2017-04-15,859850.5954613
2017-04-16,851509.8276041
2017-04-17,878176.1025575
2017-04-18,875492.4895208
2017-04-19,925141.6030833
2017-04-20,970072.2918514
2017-04-21,968489.6247298
2017-04-22,811141.0454559
2017-04-23,733832.855164
2017-04-24,822581.8705015
2017-04-25,923629.219497
2017-04-26,958850.6421635
2017-04-27,854274.7493113
2017-04-28,1004975.5498618
2017-04-29,996847.8842357
2017-04-30,763800.9964436
2017-05-01,856511.9171688
2017-05-02,937771.00668
2017-05-03,977037.2738991
2017-05-04,825423.9110705
2017-05-05,836375.2409676
2017-05-06,852517.8896378
2017-05-07,882804.1080929
2017-05-08,928822.4792285
2017-05-09,939475.22417
2017-05-10,962444.047341
2017-05-11,991639.1957119
2017-05-12,942164.5326723
2017-05-13,910012.9880321
2017-05-14,946424.9413201
2017-05-15,1035330.7730213
2017-05-16,1010586.2528736
2017-05-17,1038263.5752514
2017-05-18,1122820.8554338
2017-05-19,1096928.2307777
2017-05-20,984345.4693737
2017-05-21,905688.4449061
2017-05-22,917139.0944454
2017-05-23,917217.2536432
2017-05-24,879180.7354945
2017-05-25,999616.670861
2017-05-26,1130373.3864256
2017-05-27,1148997.2432155
2017-05-28,1039433.3900227
2017-05-29,958686.2322794
2017-05-30,1048034.3006213
2017-05-31,1060003.78327
2017-06-01,1034275.1322217
2017-06-02,1036649.880359
2017-06-03,993421.293727
2017-06-04,954825.533272
2017-06-05,1003953.311756
2017-06-06,1082162.343766
2017-06-07,1112351.231
2017-06-08,1100676.83594
2017-06-09,1033251.068098
2017-06-10,1042997.715475
2017-06-11,1076136.965556
2017-06-12,1178840.997785
2017-06-13,1209262.386746
2017-06-14,1223620.8393
2017-06-15,1239962.616585
2017-06-16,1254330.042786
2017-06-17,1206355.244028
2017-06-18,1195991.77974
2017-06-19,1194166.605829
2017-06-20,1223980.978655
2017-06-21,1173049.029921
2017-06-22,1156468.508103
2017-06-23,1280555.196022
2017-06-24,1062912.490383
2017-06-25,1024738.008724
2017-06-26,1096933.156396
2017-06-27,1106046.822029
2017-06-28,1142679.774588
2017-06-29,1202017.409667
2017-06-30,1270051.847885
2017-07-01,1127922.20264
2017-07-02,1159348.861982
2017-07-03,1228661.806837
2017-07-04,1180105.931621
2017-07-05,1234087.071821
2017-07-06,1218369.984805
2017-07-07,1214500.335885
2017-07-08,1179178.432501
2017-07-09,1138965.669973
2017-07-10,1171620.42364
2017-07-11,1242211.724117
2017-07-12,1236684.925204
2017-07-13,1247235.919593
2017-07-14,1257162.198895
2017-07-15,1158757.754449
2017-07-16,1140645.785281
2017-07-17,1233996.704197
2017-07-18,1259920.407781
2017-07-19,1292750.195883
2017-07-20,1320929.12242
2017-07-21,1318114.164251
2017-07-22,1269930.747255
2017-07-23,1241775.765561
2017-07-24,1245851.806879
2017-07-25,1287172.189298
2017-07-26,1304907.554644
2017-07-27,1311248.483568
2017-07-28,1327285.320493
2017-07-29,1301177.232096
2017-07-30,1248812.833494
2017-07-31,1230121.494956
2017-08-01,1206773.419998
2017-08-02,1119283.102006
2017-08-03,1153333.92303
2017-08-04,1221528.317627
2017-08-05,1210495.930658
2017-08-06,1213778.583306
2017-08-07,1154186.634224
2017-08-08,1134721.877139
2017-08-09,1193579.995378
2017-08-10,1266713.1646
2017-08-11,1292722.107226
2017-08-12,1244868.665578
2017-08-13,1191756.390533
2017-08-14,1264345.891361
2017-08-15,1286379.221386
2017-08-16,1321496.749327
2017-08-17,1294881.578363
2017-08-18,1263250.577191
2017-08-19,1267432.126802
2017-08-20,1255190.280235
2017-08-21,1279739.081958
2017-08-22,1293166.428582
2017-08-23,1235703.564857
2017-08-24,1186010.204574
2017-08-25,1073523.09588
2017-08-26,948728.098155
2017-08-27,892844.246557
2017-08-28,917937.511575
2017-08-29,944066.7076
2017-08-30,990796.863627
2017-08-31,1040897.766978
2017-09-01,1062648.784273
2017-09-02,1054394.462786
2017-09-03,1057432.864997
2017-09-04,1087492.929367
2017-09-05,1121391.376164
2017-09-06,1006942.026345
2017-09-07,946082.881042
2017-09-08,947357.510111
2017-09-09,936967.41913
2017-09-10,930855.969969
2017-09-11,975101.566264
2017-09-12,975818.107815
2017-09-13,1029720.911118
2017-09-14,1121040.825854
2017-09-15,1140857.246227
2017-09-16,1124165.394787
2017-09-17,1122178.455686
2017-09-18,1172457.832782
2017-09-19,1209757.927896
2017-09-20,1239657.414805
2017-09-21,1206200.865348
2017-09-22,1165479.420967
2017-09-23,1114190.799122
2017-09-24,1090824.209882
2017-09-25,1129982.296529
2017-09-26,1102870.338204
2017-09-27,1086205.401999
2017-09-28,1019788.941507
2017-09-29,976796.217155
2017-09-30,945078.648497
2017-10-01,968155.46803
2017-10-02,1076798.944468
2017-10-03,1083162.73694
2017-10-04,1099205.915981
2017-10-05,1073591.244171
2017-10-06,1054971.808876
2017-10-07,1001536.787116
2017-10-08,1016603.302454
2017-10-09,1147203.767175
2017-10-10,922231.709292
2017-10-11,863774.856589
2017-10-12,973870.722552
2017-10-13,1085479.979729
2017-10-14,1077864.582112
2017-10-15,936884.733982
2017-10-16,843751.83344
2017-10-17,824533.424782
2017-10-18,857868.39684
2017-10-19,905395.544859
2017-10-20,931831.240858
2017-10-21,977375.543275
2017-10-22,859320.863655
2017-10-23,844842.938284
2017-10-24,816780.411573
2017-10-25,811883.806165
2017-10-26,844974.955308
2017-10-27,814309.873214
2017-10-28,806437.347473
2017-10-29,802279.983562
2017-10-30,821406.121109
2017-10-31,833862.397144
2017-11-01,877521.007941
2017-11-02,966633.391282
2017-11-03,953912.887627
2017-11-04,935127.742038
2017-11-05,1011819.230104
2017-11-06,976996.576903
2017-11-07,923579.685093
2017-11-08,873767.880411
2017-11-09,860642.415545
2017-11-10,840314.349953
2017-11-11,791756.86993
2017-11-12,796794.820817
2017-11-13,856546.777132
2017-11-14,870837.986325
2017-11-15,885580.675405
2017-11-16,900701.54578
2017-11-17,938084.734601
2017-11-18,865794.315198
2017-11-19,784735.076118
2017-11-20,852761.147405
2017-11-21,848383.638351
2017-11-22,842911.502954
2017-11-23,805444.164727
2017-11-24,779947.291196
2017-11-25,776502.690003
2017-11-26,779690.558016
2017-11-27,840915.780741
2017-11-28,851050.49623
2017-11-29,839492.618062
2017-11-30,850719.28112
2017-12-01,834115.488884
2017-12-02,803305.136399
2017-12-03,806446.046974
2017-12-04,898618.521075
2017-12-05,879953.133979
2017-12-06,960063.093558
2017-12-07,1072822.048483
2017-12-08,1126134.457323
2017-12-09,984302.46854
2017-12-10,911111.655927
2017-12-11,916544.562347
2017-12-12,905499.836324
2017-12-13,963219.725232
2017-12-14,918630.255141
2017-12-15,949380.04986
2017-12-16,958169.420479
2017-12-17,894993.75523
2017-12-18,899862.484762
2017-12-19,876361.99524
2017-12-20,864650.276902
2017-12-21,870836.962899
2017-12-22,928994.355848
2017-12-23,917177.236129
2017-12-24,910361.635175
2017-12-25,945608.451579
2017-12-26,958338.735728
2017-12-27,1100789.750262
2017-12-28,1085710.518639
2017-12-29,1015225.477439
2017-12-30,926881.47909
2017-12-31,1096810.777362
2018-01-01,1287473.809905
2018-01-02,1357382.363788
2018-01-03,1263265.184834
2018-01-04,1137862.070174
2018-01-05,1001043.890848
2018-01-06,915970.166714
2018-01-07,836262.415114
2018-01-08,872280.827807
2018-01-09,941940.459087
2018-01-10,910100.208697
2018-01-11,919763.803795
2018-01-12,1124715.219699
2018-01-13,1076402.930238
2018-01-14,1014515.021193
2018-01-15,988455.539613
2018-01-16,1330589.02731
2018-01-17,1381195.186802
2018-01-18,1278420.278042
2018-01-19,1084124.9139
2018-01-20,847806.434285
2018-01-21,778136.88699
2018-01-22,858235.805038
2018-01-23,947692.995445
2018-01-24,961436.298749
2018-01-25,967409.703474
2018-01-26,877092.9718
2018-01-27,783206.996827
2018-01-28,804234.203058
2018-01-29,903029.777925
2018-01-30,952207.598514
2018-01-31,887189.376368
2018-02-01,839447.956029
2018-02-02,902692.731535
2018-02-03,883795.159361
2018-02-04,807268.994185
2018-02-05,956134.0874
2018-02-06,973361.197352
2018-02-07,1066428.965333
2018-02-08,1024038.41549
2018-02-09,882968.802279
2018-02-10,888766.357182
2018-02-11,1088603.924681
2018-02-12,1134110.837084
2018-02-13,1041099.028333
2018-02-14,905579.833649
2018-02-15,842909.49216
2018-02-16,843829.113863
2018-02-17,830534.861726
2018-02-18,823848.869384
2018-02-19,859151.231254
2018-02-20,875471.44121
2018-02-21,1021273.002954
2018-02-22,1046657.434091
2018-02-23,954120.085291
2018-02-24,858740.781816
2018-02-25,811122.31184
2018-02-26,842487.463859
2018-02-27,864120.169761
2018-02-28,880310.977901
2018-03-01,851455.659879
2018-03-02,842001.293893
2018-03-03,790719.276677
2018-03-04,797882.003837
2018-03-05,866532.767425
2018-03-06,831116.620784
2018-03-07,848160.235212
2018-03-08,853051.27015
2018-03-09,827362.569168
2018-03-10,838862.724377
2018-03-11,763973.6844
2018-03-12,821881.32768
2018-03-13,830304.273561
2018-03-14,840279.806716
2018-03-15,832892.102291
2018-03-16,870720.864439
2018-03-17,844391.850355
2018-03-18,849928.279711
2018-03-19,883167.275707
2018-03-20,827706.702093
2018-03-21,836461.157663
2018-03-22,844184.839099
2018-03-23,856850.969014
2018-03-24,867837.132369
2018-03-25,859561.139892
2018-03-26,941554.462819
2018-03-27,908383.388019
2018-03-28,856453.180414
2018-03-29,850668.421157
2018-03-30,814192.142428
2018-03-31,811351.38488
2018-04-01,807580.260857
2018-04-02,912085.71659
2018-04-03,922471.323935
2018-04-04,823573.739541
2018-04-05,843209.911098
2018-04-06,912736.59297
2018-04-07,859939.277414
2018-04-08,837907.443067
2018-04-09,828888.387497
2018-04-10,826935.460752
2018-04-11,850188.693262
2018-04-12,908044.330223
2018-04-13,959350.747264
2018-04-14,785582.895093
2018-04-15,789032.978727
2018-04-16,857386.883217
2018-04-17,892201.627838
2018-04-18,901227.500819
2018-04-19,843969.736152
2018-04-20,811105.825817
2018-04-21,796230.21409
2018-04-22,783683.347932
2018-04-23,849707.106317
2018-04-24,912621.081919
2018-04-25,889037.745657
2018-04-26,850694.319083
2018-04-27,858821.627387
2018-04-28,854203.425995
2018-04-29,860968.396595
2018-04-30,905226.051229
2018-05-01,947284.197071
2018-05-02,1030425.967089
2018-05-03,1020675.372448
2018-05-04,923990.48931
2018-05-05,882201.353872
2018-05-06,912618.475748
2018-05-07,1019257.83595
2018-05-08,1032205.958543
2018-05-09,1026221.61196
2018-05-10,1030440.283511
2018-05-11,1064293.24536
2018-05-12,1065697.995599
2018-05-13,1071661.321105
2018-05-14,1135652.655984
2018-05-15,1117261.313682
2018-05-16,1126958.114586
2018-05-17,1165996.102113
2018-05-18,1179581.651444
2018-05-19,1118664.937969
2018-05-20,999928.992884
2018-05-21,1027656.450236
2018-05-22,1092693.455368
2018-05-23,1110543.850717
2018-05-24,1144427.76664
2018-05-25,1155691.658157
2018-05-26,1151966.771771
2018-05-27,1157785.952666
2018-05-28,1195248.475383
2018-05-29,1254987.018558
2018-05-30,1265191.929783
2018-05-31,1277797.421324
2018-06-01,1292563.547471
2018-06-02,1280419.73872
2018-06-03,1213338.656484
2018-06-04,1143820.782635
2018-06-05,1243957.606645
2018-06-06,1294176.40114
2018-06-07,1263716.931685
2018-06-08,1227663.358521
2018-06-09,1185288.194918
2018-06-10,1209160.989491
2018-06-11,1289408.542657
2018-06-12,1301132.969393
2018-06-13,1294516.401082
2018-06-14,1266754.462281
2018-06-15,1262259.704056
2018-06-16,1226685.01131
2018-06-17,1156768.232231
2018-06-18,1178242.76556
2018-06-19,1100164.514621
2018-06-20,1118529.913034
2018-06-21,1186834.438939
2018-06-22,1287417.084775
2018-06-23,1253935.737141
2018-06-24,1255847.5355
2018-06-25,1273691.66369
2018-06-26,1306100.844558
2018-06-27,1330032.996021
2018-06-28,1328827.649794
2018-06-29,1322020.006721
2018-06-30,1277962.114411
2018-07-01,1259561.15459
2018-07-02,1321650.240508
2018-07-03,1328300.951839
2018-07-04,1148005.654722
2018-07-05,1187397.524664
2018-07-06,1205006.642149
2018-07-07,1134146.018751
2018-07-08,1097711.173918
2018-07-09,1125533.357758
2018-07-10,1176129.906501
2018-07-11,1241550.7025
2018-07-12,1244543.523781
2018-07-13,1243166.131041
2018-07-14,1260536.510537
2018-07-15,1264731.363838
2018-07-16,1333878.611645
2018-07-17,1337606.141774
2018-07-18,1367319.590482
2018-07-19,1404818.97664
2018-07-20,1397126.045572
2018-07-21,1346764.770413
2018-07-22,1347304.479105
2018-07-23,1403240.966592
2018-07-24,1363563.103398
2018-07-25,1332960.25738
2018-07-26,1321066.057359
2018-07-27,1299030.394882
2018-07-28,1291827.34306
2018-07-29,1312003.013804
2018-07-30,1304420.373776
2018-07-31,1217094.497856
2018-08-01,1206216.276243
2018-08-02,1228090.257043
2018-08-03,1253273.9897
2018-08-04,1206711.029356
2018-08-05,1215680.81375
2018-08-06,1294751.42866
2018-08-07,1310165.999287
2018-08-08,1290860.887589
2018-08-09,1262365.443082
2018-08-10,1193191.028479
2018-08-11,1077737.305774
2018-08-12,1068691.143989
2018-08-13,1178998.382088
2018-08-14,1213305.229764
2018-08-15,1292987.842299
2018-08-16,1325620.127972
2018-08-17,1328950.929425
2018-08-18,1293412.249233
2018-08-19,1251654.695402
2018-08-20,1305495.621563
2018-08-21,1299956.775382
2018-08-22,1305474.376951
2018-08-23,1327401.344119
2018-08-24,1335179.711429
2018-08-25,1294257.856725
2018-08-26,1277538.917569
2018-08-27,1332346.336931
2018-08-28,1337374.882069
2018-08-29,1297180.388162
2018-08-30,1286671.84038
2018-08-31,1295841.155413
2018-09-01,1233236.476321
2018-09-02,1158715.9943
2018-09-03,1079940.852834
2018-09-04,1151170.159573
2018-09-05,1176056.03229
2018-09-06,1155016.55396
2018-09-07,1153136.315654
2018-09-08,1071242.790013
2018-09-09,982536.801879
2018-09-10,982242.36218
2018-09-11,1002182.197374
2018-09-12,1076828.732051
2018-09-13,1107691.649014
2018-09-14,1061624.332835
2018-09-15,1065825.635283
2018-09-16,1093231.361745
2018-09-17,1190665.949569
2018-09-18,1231271.81746
2018-09-19,1236444.598678
2018-09-20,1173192.387166
2018-09-21,1131879.452942
2018-09-22,991751.84714
2018-09-23,920695.282356
2018-09-24,1046950.464059
2018-09-25,1127967.453734
2018-09-26,1047992.877078
2018-09-27,946052.331216
2018-09-28,964988.160532
2018-09-29,940725.354655
2018-09-30,981183.519835
2018-10-01,1058018.527233
2018-10-02,1096855.517503
2018-10-03,1156736.682794
2018-10-04,1165534.621138
2018-10-05,1163624.051694
2018-10-06,1109988.05281
2018-10-07,1075726.737467
2018-10-08,1086019.867708
2018-10-09,1023729.329306
2018-10-10,964773.93469
2018-10-11,894474.730086
2018-10-12,925774.225644
2018-10-13,952137.703813
2018-10-14,986470.501954
2018-10-15,918805.500318
2018-10-16,897054.549634
2018-10-17,865405.996155
2018-10-18,843792.349288
2018-10-19,842814.308009
2018-10-20,799441.56196
2018-10-21,773873.20161
2018-10-22,812501.996756
2018-10-23,815858.900554
2018-10-24,830004.141398
2018-10-25,824596.411632
2018-10-26,828803.118296
2018-10-27,817339.191765
2018-10-28,840495.720599
2018-10-29,914136.084941
2018-10-30,943011.023992
2018-10-31,901846.416764
2018-11-01,827130.501405
2018-11-02,826341.272215
2018-11-03,797048.791851
2018-11-04,823836.89648
2018-11-05,894068.224153
2018-11-06,936082.957788
2018-11-07,956170.535878
2018-11-08,882236.341508
2018-11-09,865915.7878
2018-11-10,880409.013469
2018-11-11,855037.768897
2018-11-12,983366.335495
2018-11-13,1149850.907841
2018-11-14,1127807.31643
2018-11-15,1018078.106909
2018-11-16,911231.408898
2018-11-17,837429.248231
2018-11-18,863011.944367
2018-11-19,962266.368781
2018-11-20,940876.222419
2018-11-21,946006.246254
2018-11-22,836981.758602
2018-11-23,797764.583999
2018-11-24,799765.962044
2018-11-25,817163.49745
2018-11-26,971075.076562
2018-11-27,980594.052756
2018-11-28,905329.432946
2018-11-29,857024.454448
2018-11-30,864181.975002
2018-12-01,817290.188958
2018-12-02,806695.778076
2018-12-03,881826.015818
2018-12-04,963640.947764
2018-12-05,982895.581176
2018-12-06,935830.440098
2018-12-07,955083.712291
2018-12-08,1004882.934077
2018-12-09,1008604.18571
2018-12-10,1034081.301256
2018-12-11,1024234.039002
2018-12-12,919345.737322
2018-12-13,894747.64812
2018-12-14,1030264.936319
2018-12-15,941323.255063
2018-12-16,927721.818152
2018-12-17,928528.195668
2018-12-18,938302.188332
2018-12-19,887755.736966
2018-12-20,918095.044161
2018-12-21,944661.460807
2018-12-22,869963.126162
2018-12-23,844463.669048
2018-12-24,885269.473404
2018-12-25,780414.950083
2018-12-26,827712.227947
2018-12-27,848398.589696
2018-12-28,944426.546881
2018-12-29,1001561.679482
2018-12-30,1013968.960603
2018-12-31,946271.937244
2019-01-01,983526.186048
2019-01-02,1132862.733275
2019-01-03,1100968.314617
2019-01-04,1019282.073625
2019-01-05,907936.319832
2019-01-06,840497.210535
2019-01-07,834733.36448
2019-01-08,853905.051626
2019-01-09,884684.455009
2019-01-10,933527.776015
2019-01-11,919761.102199
2019-01-12,879827.252907
2019-01-13,966058.172916
2019-01-14,1047782.874987
2019-01-15,1019142.672373
2019-01-16,937871.602702
2019-01-17,868505.129035
2019-01-18,886624.616411
2019-01-19,953671.052418
2019-01-20,1033331.657941
2019-01-21,1004780.354603
2019-01-22,897119.290467
2019-01-23,1072180.740422
2019-01-24,1053831.274872
2019-01-25,1000784.673364
2019-01-26,911574.344406
2019-01-27,878524.333024
2019-01-28,926383.056347
2019-01-29,1040599.139967
2019-01-30,1052417.997589
2019-01-31,976765.770384
2019-02-01,867727.886371
2019-02-02,817857.279172
2019-02-03,801552.142671
2019-02-04,853635.99721
2019-02-05,865179.825779
2019-02-06,882256.598496
2019-02-07,913364.505515
2019-02-08,1181912.308269
2019-02-09,1152933.787824
2019-02-10,1028801.25186
2019-02-11,936390.120429
2019-02-12,903266.843056
2019-02-13,973616.226068
2019-02-14,880410.269065
2019-02-15,857483.874504
2019-02-16,913712.423184
2019-02-17,868387.55904
2019-02-18,997549.763255
2019-02-19,1074687.10548
2019-02-20,986024.499755
2019-02-21,968628.913859
2019-02-22,935954.558876
2019-02-23,847798.147722
2019-02-24,854562.072056
2019-02-25,922010.151315
2019-02-26,876704.83022
2019-02-27,882905.327886
2019-02-28,1034057.380527
2019-03-01,999061.286778
2019-03-02,932028.4676
2019-03-03,1009998.532519
2019-03-04,1286069.826943
2019-03-05,1226554.147809
2019-03-06,1098586.152676
2019-03-07,917585.523444
2019-03-08,868282.86851
2019-03-09,856254.503034
2019-03-10,801798.037094
2019-03-11,888485.62556
2019-03-12,875976.092564
2019-03-13,865129.856537
2019-03-14,848200.040271
2019-03-15,857296.667213
2019-03-16,852750.585912
2019-03-17,828624.017616
2019-03-18,867240.194385
2019-03-19,848455.806753
2019-03-20,841260.559376
2019-03-21,848022.824486
2019-03-22,836515.836734
2019-03-23,789433.935355
2019-03-24,819338.972414
2019-03-25,877822.443192
2019-03-26,839728.468759
2019-03-27,844167.561577
2019-03-28,842969.652066
2019-03-29,854833.327745
2019-03-30,815900.042532
2019-03-31,847518.723493
2019-04-01,911643.342392
2019-04-02,890328.919426
2019-04-03,843921.272205
2019-04-04,894431.082076
2019-04-05,895531.751343
2019-04-06,855448.040831
2019-04-07,814157.451865
2019-04-08,889913.836303
2019-04-09,948979.653318
2019-04-10,985276.79606
2019-04-11,903709.89201
2019-04-12,853751.347996
2019-04-13,851358.606299
2019-04-14,805333.382968
2019-04-15,868497.538849
2019-04-16,895430.991086
2019-04-17,940566.781086
2019-04-18,871633.112183
2019-04-19,806323.909984
2019-04-20,813778.513255
2019-04-21,835955.152368
2019-04-22,916602.796916
2019-04-23,905375.790979
2019-04-24,879877.691823
2019-04-25,923050.363122
2019-04-26,931293.505588
2019-04-27,914614.370992
2019-04-28,925385.331351
2019-04-29,993034.962149
2019-04-30,1022607.734526
2019-05-01,1029987.724233
2019-05-02,967476.04248
2019-05-03,918754.749205
2019-05-04,905827.032466
2019-05-05,937688.766512
2019-05-06,989053.63197
2019-05-07,1007756.771696
2019-05-08,963894.939113
2019-05-09,996243.08013
2019-05-10,853115.317839
2019-05-11,809577.437571
2019-05-12,831874.945536
2019-05-13,933982.280699
2019-05-14,982089.228466
2019-05-15,1023802.79578
2019-05-16,1046529.912439
2019-05-17,1072658.936234
2019-05-18,1011669.779776
2019-05-19,1060083.232089
2019-05-20,1155188.434331
2019-05-21,1097631.989728
2019-05-22,1156273.993629
2019-05-23,1207066.310807
2019-05-24,1189221.467196
2019-05-25,1125620.817655
2019-05-26,1094638.003294
2019-05-27,1117212.777273
2019-05-28,1163521.636892
2019-05-29,1151708.27672
2019-05-30,1117703.8369
2019-05-31,1109581.781395
2019-06-01,1121996.697325
2019-06-02,1110443.954796
2019-06-03,1218112.545775
2019-06-04,1158365.28533
2019-06-05,1106421.795171
2019-06-06,1150868.21271
2019-06-07,1160134.275844
2019-06-08,1186222.385137
2019-06-09,1179065.462843
2019-06-10,1128793.891123
2019-06-11,1042981.128974
2019-06-12,1086542.85304
2019-06-13,1135212.132529
2019-06-14,1173561.624895
2019-06-15,1213951.400947
2019-06-16,1096266.36815
2019-06-17,1095901.110486
2019-06-18,1214332.839339
2019-06-19,1294930.33798
2019-06-20,1316299.497243
2019-06-21,1352634.744176
2019-06-22,1260914.678079
2019-06-23,1261570.71422
2019-06-24,1134407.028712
2019-06-25,1130282.695157
2019-06-26,1168936.069213
2019-06-27,1196115.139192
2019-06-28,1218795.304482
2019-06-29,1166298.536658
2019-06-30,1076910.343802
2019-07-01,1205888.587813
2019-07-02,1228187.288018
2019-07-03,1190872.252961
2019-07-04,1184826.151175
2019-07-05,1258546.400851
2019-07-06,1226514.897406
2019-07-07,1226360.08648
2019-07-08,1291363.950715
2019-07-09,1319858.333757
2019-07-10,1345993.246898
2019-07-11,1293079.860144
2019-07-12,1293515.827136
2019-07-13,1228712.88329
2019-07-14,1199824.977784
2019-07-15,1292383.156607
2019-07-16,1364067.814333
2019-07-17,1361557.161784
2019-07-18,1360056.839602
2019-07-19,1355065.682938
2019-07-20,1318954.191836
2019-07-21,1279727.462322
2019-07-22,1298408.662727
2019-07-23,1207490.120516
2019-07-24,1151118.076444
2019-07-25,1135999.945267
2019-07-26,1168059.097929
2019-07-27,1206183.360658
2019-07-28,1244857.883347
2019-07-29,1309705.2946
2019-07-30,1340656.51876
2019-07-31,1334271.576135
2019-08-01,1333543.465585
2019-08-02,1336617.478226
2019-08-03,1232906.446948
2019-08-04,1217124.473519
2019-08-05,1337899.436485
2019-08-06,1379969.768978
2019-08-07,1413284.83424
2019-08-08,1409122.320903
2019-08-09,1416010.509779
2019-08-10,1378966.289428
2019-08-11,1373537.403569
2019-08-12,1446177.438475
2019-08-13,1448025.147408
2019-08-14,1391173.857642
2019-08-15,1365779.096887
2019-08-16,1400070.518436
2019-08-17,1381323.768643
2019-08-18,1375254.007131
2019-08-19,1433805.589596
2019-08-20,1402502.621511
2019-08-21,1380624.399133
2019-08-22,1368613.885107
2019-08-23,1314700.316403
2019-08-24,1247088.903777
2019-08-25,1270351.466761
2019-08-26,1426131.636163
2019-08-27,1308688.09854
2019-08-28,1282273.777331
2019-08-29,1332024.990824
2019-08-30,1282573.824768
2019-08-31,1174071.981166
2019-09-01,1200218.180179
2019-09-02,1244480.395955
2019-09-03,1290266.732089
2019-09-04,1308628.893939
2019-09-05,1294683.194306
2019-09-06,1308780.517109
2019-09-07,1283375.553326
2019-09-08,1262594.3266
2019-09-09,1290954.102988
2019-09-10,1265626.279738
2019-09-11,1227046.709295
2019-09-12,1240806.083167
2019-09-13,1246683.692166
2019-09-14,1212233.281006
2019-09-15,1211421.463473
2019-09-16,1256268.253769
2019-09-17,1205582.563191
2019-09-18,1217855.533003
2019-09-19,1166617.599467
2019-09-20,1206239.345265
2019-09-21,1190674.589116
2019-09-22,1186155.599353
2019-09-23,1263328.193728
2019-09-24,1260250.457227
2019-09-25,1262419.574019
2019-09-26,1253884.864366
2019-09-27,1222790.95885
2019-09-28,1219370.592044
2019-09-29,1225026.342712
2019-09-30,1265570.891625
2019-10-01,1261185.797028
2019-10-02,1246900.893869
2019-10-03,1229555.349304
2019-10-04,1183317.653159
2019-10-05,1153715.290684
2019-10-06,1155748.004603
2019-10-07,1047452.267988
2019-10-08,986286.514274
2019-10-09,1075987.489251
2019-10-10,1201010.910366
2019-10-11,912796.092609
2019-10-12,795256.168511
2019-10-13,824099.619413
2019-10-14,983996.351711
2019-10-15,1104933.897203
2019-10-16,910647.17104
2019-10-17,838965.322744
2019-10-18,885973.018079
2019-10-19,957915.451764
2019-10-20,1004299.795385
2019-10-21,957671.014417
2019-10-22,865405.582784
2019-10-23,895760.16447
2019-10-24,932188.837199
2019-10-25,867351.219102
2019-10-26,817282.940339
2019-10-27,812811.505272
2019-10-28,876805.707911
2019-10-29,922614.592844
2019-10-30,972871.703851
2019-10-31,1009403.284532
2019-11-01,982572.485856
2019-11-02,872054.672868
2019-11-03,889519.23748
2019-11-04,878260.034531
2019-11-05,898828.351117
2019-11-06,911791.056152
2019-11-07,914363.332704
2019-11-08,950022.601066
2019-11-09,876928.895337
2019-11-10,827081.901104
2019-11-11,948987.284901
2019-11-12,1212300.504353
2019-11-13,1189818.395218
2019-11-14,1052728.667171
2019-11-15,994560.890818
2019-11-16,935995.475788
2019-11-17,872809.91666
2019-11-18,891263.90979
2019-11-19,882383.7614
2019-11-20,887141.302757
2019-11-21,912541.967873
2019-11-22,912609.462754
2019-11-23,890754.802263
2019-11-24,867458.833651
2019-11-25,888687.632593
2019-11-26,908847.852684
2019-11-27,907491.531086
2019-11-28,883972.979358
2019-11-29,888665.605989
2019-11-30,884041.014267
2019-12-01,852719.403084
2019-12-02,952193.217243
2019-12-03,953852.199215
2019-12-04,917948.36401
2019-12-05,903255.127592
2019-12-06,884912.661667
2019-12-07,875675.699727
2019-12-08,869250.770048
2019-12-09,920101.029346
2019-12-10,1020540.581739
2019-12-11,1054496.874885
2019-12-12,1020610.55547
2019-12-13,943114.505224
2019-12-14,894005.257778
2019-12-15,891443.884725
2019-12-16,1010339.335518
2019-12-17,1108040.137824
2019-12-18,1107130.478007
2019-12-19,1090388.247116
2019-12-20,1030999.233024
2019-12-21,952499.541507
2019-12-22,957750.347849
2019-12-23,985563.541273
2019-12-24,918996.381237
2019-12-25,832199.96305
2019-12-26,849714.733722
2019-12-27,851135.502526
2019-12-28,842100.636033
2019-12-29,864078.258315
2019-12-30,972866.795699
2019-12-31,982920.437787
2020-01-01,926316.924164
2020-01-02,904092.640887
2020-01-03,912200.299579
2020-01-04,919441.585246
2020-01-05,884508.104179
2020-01-06,924530.775118
2020-01-07,936595.496318
2020-01-08,981735.179171
2020-01-09,894947.709185
2020-01-10,896158.921949
2020-01-11,943342.451397
2020-01-12,985809.635548
2020-01-13,951396.410944
2020-01-14,908336.838737
2020-01-15,918154.197659
2020-01-16,932922.927362
2020-01-17,928750.036211
2020-01-18,860569.896955
2020-01-19,926299.195737
2020-01-20,986173.794337
2020-01-21,1014592.443883
2020-01-22,1029454.767788
2020-01-23,940318.29365
2020-01-24,955177.098815
2020-01-25,913249.535736
2020-01-26,835478.606052
2020-01-27,901249.611792
2020-01-28,922093.992115
2020-01-29,1005649.831239
2020-01-30,1025764.680184
2020-01-31,967525.754026
2020-02-01,925773.424779
2020-02-02,865085.511606
2020-02-03,869379.762459
2020-02-04,923570.459872
2020-02-05,1106738.005585
2020-02-06,1140975.839794
2020-02-07,1022438.159317
2020-02-08,905880.003378
2020-02-09,853977.60618
2020-02-10,959976.006908
2020-02-11,1047421.457742
2020-02-12,1029123.674063
2020-02-13,1051723.526139
2020-02-14,1074095.578807
2020-02-15,946150.90549
2020-02-16,841733.120499
2020-02-17,889150.820119
2020-02-18,915446.456559
2020-02-19,973508.275053
2020-02-20,1046985.825996
2020-02-21,1064611.236395
2020-02-22,953216.727056
2020-02-23,883687.788641
2020-02-24,881002.168798
2020-02-25,927162.470502
2020-02-26,1031853.558485
2020-02-27,1055241.401448
2020-02-28,953839.669067
2020-02-29,870812.150693
2020-03-01,826892.335136
2020-03-02,880052.2777
2020-03-03,896657.675435
2020-03-04,906187.286472
2020-03-05,892359.57743
2020-03-06,879021.474869
2020-03-07,871042.983184
2020-03-08,821381.529112
2020-03-09,871528.578442
2020-03-10,900444.92159
2020-03-11,939622.15979
2020-03-12,959413.180499
2020-03-13,934286.20471
2020-03-14,905460.121971
2020-03-15,881620.544557
2020-03-16,897632.023165
2020-03-17,932675.104844
2020-03-18,954353.259747
2020-03-19,983617.134794
2020-03-20,920134.330201
2020-03-21,873877.729454
2020-03-22,842838.338726
2020-03-23,915470.605155
2020-03-24,969350.865565
2020-03-25,987443.425518
2020-03-26,1019858.035385
2020-03-27,1020760.326175
2020-03-28,920833.488694
2020-03-29,816584.238769
2020-03-30,892595.484026
2020-03-31,889741.590642
2020-04-01,859993.665113
2020-04-02,869243.52482
2020-04-03,897668.300487
2020-04-04,882284.527478
2020-04-05,821209.516506
2020-04-06,861749.372976
2020-04-07,974785.785919
2020-04-08,1042914.578275
2020-04-09,977353.212695
2020-04-10,854453.168381
2020-04-11,833422.121728
2020-04-12,910447.390708
2020-04-13,832671.433023
2020-04-14,843715.317572
2020-04-15,842343.659658
2020-04-16,843913.064833
2020-04-17,857483.611418
2020-04-18,823779.793463
2020-04-19,856676.50361
2020-04-20,896998.129165
2020-04-21,947570.456178
2020-04-22,961758.12021
2020-04-23,970127.288169
2020-04-24,974084.691303
2020-04-25,859457.20888
2020-04-26,854787.947924
2020-04-27,935150.700233
2020-04-28,1029256.470438
2020-04-29,936002.744235
2020-04-30,904914.393887
2020-05-01,945543.474299
2020-05-02,986507.024192
2020-05-03,1032111.165396
2020-05-04,1121858.833941
2020-05-05,1052916.806133
2020-05-06,948805.726464
2020-05-07,965776.760781
2020-05-08,983198.200793
2020-05-09,816244.547377
2020-05-10,831853.94957
2020-05-11,927325.435514
2020-05-12,946073.221806
2020-05-13,1004751.942357
2020-05-14,1088509.755948
2020-05-15,1058465.835785
2020-05-16,873490.279838
2020-05-17,924691.481414
2020-05-18,1074789.928256
2020-05-19,1168960.624096
2020-05-20,1144247.104677
2020-05-21,1124993.978987
2020-05-22,1186177.769477
2020-05-23,1135533.719372
2020-05-24,1044015.524376
2020-05-25,899747.740272
2020-05-26,956812.841743
2020-05-27,994544.463252
2020-05-28,1018384.882908
2020-05-29,1037395.284037
2020-05-30,1001921.776401
2020-05-31,973437.483423
2020-06-01,1027407.472644
2020-06-02,1111056.433358
2020-06-03,1161870.966394
2020-06-04,1226062.256626
2020-06-05,1244978.817589
2020-06-06,1223898.46092
2020-06-07,1214594.384903
2020-06-08,1299101.78585
2020-06-09,1327792.915473
2020-06-10,1131296.880832
2020-06-11,1121761.225992
2020-06-12,1119936.014795
2020-06-13,1111094.050896
2020-06-14,1116442.731882
2020-06-15,1221648.94796
2020-06-16,1233161.129004
2020-06-17,1226460.75815
2020-06-18,1229864.830444
2020-06-19,1219350.741758
2020-06-20,1125962.063595
2020-06-21,1132064.568279
2020-06-22,1172378.750711
2020-06-23,1115260.71315
2020-06-24,1126724.041366
2020-06-25,1158189.461769
2020-06-26,1148019.33479
2020-06-27,1184131.292587
2020-06-28,1177722.291076
2020-06-29,1278622.126342
2020-06-30,1308810.387239
2020-07-01,1329864.852442
2020-07-02,1327255.29555
2020-07-03,1278599.149499
2020-07-04,1242421.649514
2020-07-05,1236383.034776
2020-07-06,1251539.774945
2020-07-07,1259791.913753
2020-07-08,1325432.91706
2020-07-09,1373124.945503
2020-07-10,1371697.386769
2020-07-11,1359941.93274
2020-07-12,1327003.533365
2020-07-13,1430816.064955
2020-07-14,1408777.645258
2020-07-15,1387951.303896
2020-07-16,1395315.537201
2020-07-17,1357057.098862
2020-07-18,1268060.667463
2020-07-19,1271544.913419
2020-07-20,1312724.874788
2020-07-21,1265352.790728
2020-07-22,1301371.412928
2020-07-23,1350146.733195
2020-07-24,1342950.088851
2020-07-25,1191573.707994
2020-07-26,1145344.677826
2020-07-27,1232919.867872
2020-07-28,1188604.654021
2020-07-29,1196530.97737
2020-07-30,1314002.447448
2020-07-31,1270358.771686
2020-08-01,1153646.521032
2020-08-02,1177422.803571
2020-08-03,1244654.432116
2020-08-04,1277415.480118
2020-08-05,1286723.763843
2020-08-06,1333269.278833
2020-08-07,1361053.289462
2020-08-08,1314561.312722
2020-08-09,1313880.808498
2020-08-10,1385695.892462
2020-08-11,1416944.704593
2020-08-12,1438826.230116
2020-08-13,1441834.133769
2020-08-14,1434342.472429
2020-08-15,1402282.418385
2020-08-16,1375446.423503
2020-08-17,1277991.696327
2020-08-18,1303371.400554
2020-08-19,1268945.979752
2020-08-20,1255278.786895
2020-08-21,1266137.685815
2020-08-22,1195199.796173
2020-08-23,1204131.693827
2020-08-24,1278302.694695
2020-08-25,1297960.849306
2020-08-26,1287209.646694
2020-08-27,1290085.015553
2020-08-28,1404277.082562
2020-08-29,1383158.11992
2020-08-30,1325430.512789
2020-08-31,1431438.778124
2020-09-01,1369840.096816
2020-09-02,1244762.634016
2020-09-03,1224233.105034
2020-09-04,1181521.384118
2020-09-05,1120829.515815
2020-09-06,1139826.520225
2020-09-07,1199285.237676
2020-09-08,1213985.457718
2020-09-09,1148145.672064
2020-09-10,982893.705824
2020-09-11,1009868.117378
2020-09-12,1093190.427068
2020-09-13,1129606.442554
2020-09-14,1171548.041654
2020-09-15,1199691.759056
2020-09-16,1194870.928051
2020-09-17,1156737.053735
2020-09-18,1105857.739119
2020-09-19,1001408.190986
2020-09-20,929026.561002
2020-09-21,961618.852676
2020-09-22,971280.892886
2020-09-23,979558.900732
2020-09-24,977031.499779
2020-09-25,1026533.550328
2020-09-26,1050919.335481
2020-09-27,1137990.151745
2020-09-28,1001474.657755
2020-09-29,917350.471109
2020-09-30,955659.297047
2020-10-01,972533.288535
2020-10-02,945274.814933
2020-10-03,929749.249117
2020-10-04,944812.288138
2020-10-05,999907.498032
2020-10-06,1041139.509228
2020-10-07,1061784.993718
2020-10-08,1077709.651161
2020-10-09,1104132.028064
2020-10-10,1073852.317856
2020-10-11,1139853.517018
2020-10-12,1134258.835073
2020-10-13,1041715.92256
2020-10-14,1097597.562057
2020-10-15,1089732.894811
2020-10-16,899524.448206
2020-10-17,885356.739906
2020-10-18,1028768.388479
2020-10-19,1050829.091375
2020-10-20,1100819.203768
2020-10-21,1111319.579757
2020-10-22,1110143.188547
2020-10-23,1015487.683576
2020-10-24,823690.41618
2020-10-25,868972.436077
2020-10-26,988781.410118
2020-10-27,1012548.542002
2020-10-28,990854.879763
2020-10-29,957070.872079
2020-10-30,907955.907397
2020-10-31,854749.174426
2020-11-01,858749.55941
2020-11-02,875373.320476
2020-11-03,889828.685361
2020-11-04,892675.833002
2020-11-05,900321.860116
2020-11-06,893800.78871
2020-11-07,880460.326701
2020-11-08,893897.840335
2020-11-09,989982.496459
2020-11-10,976761.392569
2020-11-11,948572.034971
2020-11-12,945885.557203
2020-11-13,942254.713765
2020-11-14,972476.905133
2020-11-15,861642.855789
2020-11-16,892466.36133
2020-11-17,896437.111281
2020-11-18,906036.006921
2020-11-19,915265.759859
2020-11-20,922848.550303
2020-11-21,887309.850083
2020-11-22,872085.775058
2020-11-23,899181.056676
2020-11-24,939383.708352
2020-11-25,914710.4865
2020-11-26,882373.213667
2020-11-27,876906.16124
2020-11-28,864473.008958
2020-11-29,891845.914378
2020-11-30,1029379.669413
2020-12-01,1079475.683884
2020-12-02,984523.973377
2020-12-03,1052928.975561
2020-12-04,1036246.250999
2020-12-05,1004789.761356
2020-12-06,922841.86407
2020-12-07,979797.438791
2020-12-08,961906.55505
2020-12-09,946237.428062
2020-12-10,925149.889373
2020-12-11,891607.405908
2020-12-12,894828.801897
2020-12-13,975235.074405
2020-12-14,1091119.714669
2020-12-15,1102550.86358
2020-12-16,1104421.184822
2020-12-17,1110036.424055
2020-12-18,1026155.830156
2020-12-19,885056.0508
2020-12-20,923366.734568
2020-12-21,962396.615228
2020-12-22,938061.642892
2020-12-23,918767.027919
2020-12-24,1026908.574092
2020-12-25,955903.450927
2020-12-26,920757.030972
2020-12-27,859001.402262
2020-12-28,903348.857351
2020-12-29,888088.886922
2020-12-30,939986.555972
2020-12-31,1080715.119825
2021-01-01,1069620.507571
2021-01-02,998298.20935
2021-01-03,956642.076189
2021-01-04,952248.509032
2021-01-05,945995.042429
2021-01-06,928712.750948
2021-01-07,998739.271814
2021-01-08,1047175.515873
2021-01-09,1069501.994142
2021-01-10,1145426.104411
2021-01-11,1206161.719729
2021-01-12,1184720.258756
2021-01-13,1096597.262184
2021-01-14,1018489.680672
2021-01-15,1054321.235252
2021-01-16,1018328.296881
2021-01-17,951960.353097
2021-01-18,980410.720446
2021-01-19,931929.612853
2021-01-20,981339.548927
2021-01-21,946917.731302
2021-01-22,923819.852173
2021-01-23,897581.473818
2021-01-24,881379.78763
2021-01-25,911910.220669
2021-01-26,937193.859495
2021-01-27,964516.14489
2021-01-28,1053454.692734
2021-01-29,997240.593848
2021-01-30,878506.497881
2021-01-31,886325.881875
2021-02-01,980478.398641
2021-02-02,972272.367741
2021-02-03,937983.936247
2021-02-04,898826.447393
2021-02-05,949591.009097
2021-02-06,926290.535623
2021-02-07,936146.234991
2021-02-08,937620.538449
2021-02-09,1038149.762248
2021-02-10,1157019.065044
2021-02-11,1335486.571078
2021-02-12,1437506.030532
2021-02-13,1419229.869228
2021-02-14,1499033.604336
2021-02-15,1204037.039538
2021-02-16,1083798.379895
2021-02-17,1087386.557371
2021-02-18,1247271.331767
2021-02-19,1185532.945149
2021-02-20,1035248.564734
2021-02-21,833631.268506
2021-02-22,836804.972404
2021-02-23,841288.175219
2021-02-24,821937.624047
2021-02-25,880220.819489
2021-02-26,900323.936099
2021-02-27,852153.094615
2021-02-28,840770.299634
2021-03-01,907099.67038
2021-03-02,907862.976309
2021-03-03,907676.744977
2021-03-04,873315.32101
2021-03-05,852309.826672
2021-03-06,814568.386452
2021-03-07,833923.67043
2021-03-08,880124.894418
2021-03-09,864076.699828
2021-03-10,881193.722516
2021-03-11,900438.405731
2021-03-12,924605.89882
2021-03-13,879839.498669
2021-03-14,793446.218227
2021-03-15,876517.000217
2021-03-16,914882.40326
2021-03-17,900820.056962
2021-03-18,881864.389304
2021-03-19,879111.595773
2021-03-20,847607.133153
2021-03-21,841943.16447
2021-03-22,884689.009762
2021-03-23,906361.791836
2021-03-24,892393.000606
2021-03-25,888097.326438
2021-03-26,905909.16055
2021-03-27,924890.651452
2021-03-28,836541.073417
2021-03-29,882001.882181
2021-03-30,925589.0677
2021-03-31,908400.723801
2021-04-01,867598.474686
2021-04-02,856826.54928
2021-04-03,821813.182781
2021-04-04,813620.321947
2021-04-05,909094.598109
2021-04-06,977361.027366
2021-04-07,989766.791844
2021-04-08,984591.875859
2021-04-09,1046586.236465
2021-04-10,918660.675784
2021-04-11,912313.264585
2021-04-12,1012321.831742
2021-04-13,1012014.43795
2021-04-14,989832.812915
2021-04-15,924516.269861
2021-04-16,920197.799036
2021-04-17,851134.96289
2021-04-18,826318.429832
2021-04-19,876903.695911
2021-04-20,907922.621962
2021-04-21,903559.321042
2021-04-22,892204.007103
2021-04-23,926652.491538
2021-04-24,929773.995687
2021-04-25,932071.246749
2021-04-26,1012021.660205
2021-04-27,1023544.962668
2021-04-28,1078825.57356
2021-04-29,1022286.947344
2021-04-30,934480.794542
2021-05-01,887354.025394
2021-05-02,980526.023169
2021-05-03,1151399.097542
2021-05-04,1049560.990552
2021-05-05,967988.681378
2021-05-06,1003582.456979
2021-05-07,1034307.143598
2021-05-08,1055966.579615
2021-05-09,1099077.240122
2021-05-10,1076199.966301
2021-05-11,1030082.923992
2021-05-12,911677.368495
2021-05-13,926364.991965
2021-05-14,979439.768577
2021-05-15,964404.937439
2021-05-16,947620.827057
2021-05-17,1042513.243162
2021-05-18,988825.180114
2021-05-19,947912.843405
2021-05-20,1000769.794714
2021-05-21,1069196.919113
2021-05-22,1010689.071136
2021-05-23,967177.104284
2021-05-24,1030525.37222
2021-05-25,1083743.044225
2021-05-26,1186671.520806
2021-05-27,1210746.347769
2021-05-28,1119831.56143
2021-05-29,1026683.031263
2021-05-30,1005060.225718
2021-05-31,1016131.160656
2021-06-01,1030250.881592
2021-06-02,1073307.965364
2021-06-03,1023415.719315
2021-06-04,1020845.191479
2021-06-05,1049408.267203
2021-06-06,1106088.482791
2021-06-07,1190875.648438
2021-06-08,1256445.198231
2021-06-09,1306045.447794
2021-06-10,1317334.103193
2021-06-11,1325461.038299
2021-06-12,1272615.187956
2021-06-13,1309554.424667
2021-06-14,1369118.815165
2021-06-15,1330923.896272
2021-06-16,1314757.256411
2021-06-17,1343458.632243
2021-06-18,1321247.910511
2021-06-19,1273224.822089
2021-06-20,1291894.33689
2021-06-21,1337483.765318
2021-06-22,1231544.17342
2021-06-23,1335567.364806
2021-06-24,1392649.122253
2021-06-25,1390251.174975
2021-06-26,1320603.284349
2021-06-27,1224196.456747
2021-06-28,1157906.045571
2021-06-29,1170135.666914
2021-06-30,1238739.902859
2021-07-01,1305053.476838
2021-07-02,1268741.674689
2021-07-03,1155398.191802
2021-07-04,1135155.316065
2021-07-05,1171640.730674
2021-07-06,1202662.077012
2021-07-07,1214338.083827
2021-07-08,1237065.39233
2021-07-09,1158604.044528
2021-07-10,1224060.970365
2021-07-11,1222878.06235
2021-07-12,1236409.805482
2021-07-13,1232073.323875
2021-07-14,1235778.47727
2021-07-15,1278741.555874
2021-07-16,1304807.422173
2021-07-17,1297891.6242
2021-07-18,1282065.00714
2021-07-19,1284385.828999
2021-07-20,1245911.419798
2021-07-21,1239152.815884
2021-07-22,1261161.367429
2021-07-23,1337602.802386
2021-07-24,1347265.277037
2021-07-25,1332543.508067
2021-07-26,1399497.638104
2021-07-27,1404178.581872
2021-07-28,1380323.961442
2021-07-29,1390989.137585
2021-07-30,1393148.677642
2021-07-31,1377916.170531
2021-08-01,1319224.69606
2021-08-02,1262587.565383
2021-08-03,1269322.614697
2021-08-04,1277929.117432
2021-08-05,1251634.507686
2021-08-06,1281341.009805
2021-08-07,1311951.417965
2021-08-08,1347500.017747
2021-08-09,1430140.431097
2021-08-10,1426559.131784
2021-08-11,1403209.557661
2021-08-12,1410133.077706
2021-08-13,1369198.556167
2021-08-14,1265915.847693
2021-08-15,1205390.939445
2021-08-16,1279999.17939
2021-08-17,1275746.10295
2021-08-18,1248658.308606
2021-08-19,1363936.537195
2021-08-20,1388841.438077
2021-08-21,1357596.520413
2021-08-22,1356008.104955
2021-08-23,1397410.700788
2021-08-24,1416368.699846
2021-08-25,1421765.885766
2021-08-26,1400029.831045
2021-08-27,1332232.827148
2021-08-28,1274553.736361
2021-08-29,1264302.119739
2021-08-30,1364660.733088
2021-08-31,1409798.848356
2021-09-01,1430471.335448
2021-09-02,1411899.882502
2021-09-03,1384190.940992
2021-09-04,1350927.856475
2021-09-05,1309368.238134
2021-09-06,1301445.22266
2021-09-07,1295249.066356
2021-09-08,1269103.074466
2021-09-09,1245967.047293
2021-09-10,1224062.355585
2021-09-11,1152472.300476
2021-09-12,1164026.556479
2021-09-13,1176982.094571
2021-09-14,1107044.151796
2021-09-15,1143075.108228
2021-09-16,1184107.180761
2021-09-17,1256891.10079
2021-09-18,1237535.851251
2021-09-19,1245642.470164
2021-09-20,1365560.480634
2021-09-21,1313605.576498
2021-09-22,1073503.791791
2021-09-23,1025120.402991
2021-09-24,1041958.898871
2021-09-25,1043717.726764
2021-09-26,1065742.9959
2021-09-27,1161256.115786
2021-09-28,1208866.168331
2021-09-29,1172714.850838
2021-09-30,1193571.596802
2021-10-01,1079689.832287
2021-10-02,1082881.658176
2021-10-03,1095546.973431
2021-10-04,1115175.076608
2021-10-05,1075005.348747
2021-10-06,1073945.311622
2021-10-07,1120507.845469
2021-10-08,1158364.205496
2021-10-09,1125913.190474
2021-10-10,1169541.891102
2021-10-11,1103667.184337
2021-10-12,1163092.90968
2021-10-13,1199792.698074
2021-10-14,1102694.783868
2021-10-15,1103951.077986
2021-10-16,877031.623246
2021-10-17,845194.484041
2021-10-18,924703.955045
2021-10-19,988492.391753
2021-10-20,1060206.957747
2021-10-21,1072856.113056
2021-10-22,1072004.266691
2021-10-23,1074845.154262
2021-10-24,1084921.751535
2021-10-25,1153469.140776
2021-10-26,1158637.796361
2021-10-27,1032727.157909
2021-10-28,910582.642169
2021-10-29,890736.312026
2021-10-30,866189.564741
2021-10-31,886097.499744
2021-11-01,938465.462288
2021-11-02,946958.194962
2021-11-03,949273.481476
2021-11-04,926407.776413
2021-11-05,923138.459936
2021-11-06,884265.380337
2021-11-07,910242.146038
2021-11-08,924934.218576
2021-11-09,923508.128298
2021-11-10,957810.40902
2021-11-11,932280.204708
2021-11-12,932030.559451
2021-11-13,897878.349109
2021-11-14,887669.37739
2021-11-15,953764.838458
2021-11-16,984734.51541
2021-11-17,1004848.355314
2021-11-18,936523.144124
2021-11-19,951764.886936
2021-11-20,911606.12489
2021-11-21,904608.756409
2021-11-22,926083.07449
2021-11-23,952019.82874
2021-11-24,946771.55891
2021-11-25,899466.725256
2021-11-26,930129.651713
2021-11-27,938537.137345
2021-11-28,896531.345594
2021-11-29,963492.63113
2021-11-30,948364.727912
2021-12-01,936833.386753
2021-12-02,948238.751701
2021-12-03,961269.110892
2021-12-04,938673.803862
2021-12-05,946802.17832
2021-12-06,980895.692532
2021-12-07,979946.894109
2021-12-08,973321.346925
2021-12-09,996884.524455
2021-12-10,1046433.636231
2021-12-11,939672.068799
2021-12-12,999717.518432
2021-12-13,995726.071601
2021-12-14,984297.822752
2021-12-15,1025139.172989
2021-12-16,1020400.5372
2021-12-17,1008378.443019
2021-12-18,956666.820433
2021-12-19,1004671.275149
2021-12-20,1021930.212888
2021-12-21,1023605.094316
2021-12-22,973949.809409
2021-12-23,938602.118391
2021-12-24,929294.589967
2021-12-25,896802.674767
2021-12-26,906906.635326
2021-12-27,958401.445591
2021-12-28,976097.433802
2021-12-29,974899.953573
2021-12-30,961577.567012
2021-12-31,967760.585184
2022-01-01,972295.385251
2022-01-02,1149351.324274
2022-01-03,1176453.312754
2022-01-04,1086800.024473
2022-01-05,995174.822381
2022-01-06,1082570.860799
2022-01-07,1205039.410691
2022-01-08,1006898.229618
2022-01-09,958598.763312
2022-01-10,1076269.432856
2022-01-11,1116853.304119
2022-01-12,1033572.00391
2022-01-13,1003922.152582
2022-01-14,977071.367061
2022-01-15,1094294.857488
2022-01-16,1117839.685114
2022-01-17,1078428.203656
2022-01-18,998841.926833
2022-01-19,973443.007409
2022-01-20,1303591.019619
2022-01-21,1313617.765514
2022-01-22,1207175.764855
2022-01-23,1063877.85209
2022-01-24,1056529.587802
2022-01-25,1050168.972919
2022-01-26,1118106.128761
2022-01-27,1068581.708445
2022-01-28,1091086.477885
2022-01-29,1064682.702501
2022-01-30,982805.060141
2022-01-31,967209.770385
2022-02-01,941003.119818
2022-02-02,1046543.648864
2022-02-03,1429416.367126
2022-02-04,1504260.149994
2022-02-05,1301982.457696
2022-02-06,1161450.670712
2022-02-07,1090695.857229
2022-02-08,1087060.270127
2022-02-09,1030590.249034
2022-02-10,997349.066357
2022-02-11,974055.016891
2022-02-12,1013373.071782
2022-02-13,1091557.839544
2022-02-14,1038521.970297
2022-02-15,983834.90142
2022-02-16,938197.33462
2022-02-17,1010766.939514
2022-02-18,1140463.292065
2022-02-19,1030635.855198
2022-02-20,950549.211661
2022-02-21,963062.359156
2022-02-22,997914.006534
2022-02-23,1266090.164619
2022-02-24,1392084.90374
2022-02-25,1380744.158198
2022-02-26,1274224.963981
2022-02-27,1129639.917865
2022-02-28,1100840.934184
2022-03-01,1009664.908071
2022-03-02,957161.319707
2022-03-03,939341.032449
2022-03-04,940210.97199
2022-03-05,932581.615629
2022-03-06,946397.363369
2022-03-07,1024610.136668
2022-03-08,1114954.437114
2022-03-09,1083773.342891
2022-03-10,1014866.551334
2022-03-11,1136758.169616
2022-03-12,1141249.94313
2022-03-13,988529.978252
2022-03-14,973330.251064
2022-03-15,930377.545339
2022-03-16,950183.29422
2022-03-17,939121.167987
2022-03-18,927614.632788
2022-03-19,912125.610109
2022-03-20,894775.180773
2022-03-21,962509.51362
2022-03-22,970646.373862
2022-03-23,970473.187297
2022-03-24,963546.794666
2022-03-25,970251.125711
2022-03-26,930074.741016
2022-03-27,950235.107737
2022-03-28,1009859.348687
2022-03-29,1032490.088628
2022-03-30,993571.15239
2022-03-31,936955.748778
2022-04-01,945749.15449
2022-04-02,936222.139449
2022-04-03,968683.728362
2022-04-04,998079.039182
2022-04-05,1102453.933762
2022-04-06,1020928.494546
2022-04-07,920716.1673
2022-04-08,912860.609116
2022-04-09,935485.144516
2022-04-10,968330.893546
2022-04-11,1084251.574013
2022-04-12,1112250.444688
2022-04-13,1102948.781018
2022-04-14,990591.649917
2022-04-15,1010329.999326
2022-04-16,1040686.50124
2022-04-17,1001417.930284
2022-04-18,1009261.251398
2022-04-19,965328.866225
2022-04-20,1078050.953918
2022-04-21,1137239.445973
2022-04-22,1136236.41176
2022-04-23,1071039.903963
2022-04-24,1057898.911907
2022-04-25,1015863.618711
2022-04-26,950015.66067
2022-04-27,1001873.288153
2022-04-28,1071347.286964
2022-04-29,1118172.971659
2022-04-30,1107767.690517
2022-05-01,1090097.467302
2022-05-02,1178734.728934
2022-05-03,1126808.187221
2022-05-04,1164619.179
2022-05-05,1160643.029972
2022-05-06,1159999.442438
2022-05-07,1239996.082684
2022-05-08,1303894.598845
2022-05-09,1375446.70773
2022-05-10,1353469.166222
2022-05-11,1310517.034935
2022-05-12,1284784.350718
2022-05-13,1259337.00405
2022-05-14,1250143.743019
2022-05-15,1270018.867959
2022-05-16,1311929.00484
2022-05-17,1334272.979665
2022-05-18,1345398.406048
2022-05-19,1356388.488584
2022-05-20,1373138.524095
2022-05-21,1314980.571444
2022-05-22,1052155.083662
2022-05-23,1098726.770106
2022-05-24,1086812.60102
2022-05-25,1029082.222393
2022-05-26,1118387.39308
2022-05-27,1233153.77107
2022-05-28,1252790.768359
2022-05-29,1284918.489326
2022-05-30,1316612.959028
2022-05-31,1394981.858409
2022-06-01,1354437.055438
2022-06-02,1252635.173573
2022-06-03,1217925.120644
2022-06-04,1194728.172279
2022-06-05,1282488.988522
2022-06-06,1397899.868879
2022-06-07,1419718.463854
2022-06-08,1390197.581832
2022-06-09,1388207.165805
2022-06-10,1424913.687382
2022-06-11,1451413.690043
2022-06-12,1460928.92002
2022-06-13,1488355.469227
2022-06-14,1458205.559136
2022-06-15,1447988.691044
2022-06-16,1464480.922576
2022-06-17,1444647.939371
2022-06-18,1397035.30848
2022-06-19,1408663.52141
2022-06-20,1471087.170246
2022-06-21,1490852.854502
2022-06-22,1468495.240723
2022-06-23,1490598.160924
2022-06-24,1502558.493147
2022-06-25,1450377.687898
2022-06-26,1427946.727603
2022-06-27,1393032.310243
2022-06-28,1310509.291931
2022-06-29,1324688.688447
2022-06-30,1355267.39762
2022-07-01,1380397.952112
2022-07-02,1396188.424368
2022-07-03,1406270.311009
2022-07-04,1424689.044852
2022-07-05,1493874.791373
2022-07-06,1503267.386083
2022-07-07,1512166.953377
2022-07-08,1528718.359237
2022-07-09,1509958.033416
2022-07-10,1501360.133223
2022-07-11,1551807.643625
2022-07-12,1538953.482523
2022-07-13,1524874.722658
2022-07-14,1440666.786159
2022-07-15,1370000.126665
2022-07-16,1407148.800432
2022-07-17,1440177.055544
2022-07-18,1524516.38134
2022-07-19,1567200.275866
2022-07-20,1576249.184331
2022-07-21,1536057.742395
2022-07-22,1465801.624198
2022-07-23,1437663.754023
2022-07-24,1465563.434193
2022-07-25,1529730.135626
2022-07-26,1524052.832112
2022-07-27,1513718.833485
2022-07-28,1501342.375254
2022-07-29,1494586.061327
2022-07-30,1450094.161552
2022-07-31,1450148.52853
2022-08-01,1491783.157544
2022-08-02,1535210.434488
2022-08-03,1550229.907084
2022-08-04,1536893.876707
2022-08-05,1480888.680354
2022-08-06,1390100.846745
2022-08-07,1412572.707887
2022-08-08,1483683.884347
2022-08-09,1457928.628354
2022-08-10,1423314.833866
2022-08-11,1402836.278423
2022-08-12,1423249.347849
2022-08-13,1395762.163957
2022-08-14,1353805.408218
2022-08-15,1429947.581528
2022-08-16,1454973.393735
2022-08-17,1488673.316705
2022-08-18,1353370.820308
2022-08-19,1275597.939931
2022-08-20,1295880.482242
2022-08-21,1272115.887774
2022-08-22,1284444.868973
2022-08-23,1253899.616635
2022-08-24,1276656.484249
2022-08-25,1310646.43554
2022-08-26,1339700.011133
2022-08-27,1341033.066876
2022-08-28,1377233.163383
2022-08-29,1372020.755723
2022-08-30,1263696.84709
2022-08-31,1272761.55625
2022-09-01,1249676.422194
2022-09-02,1240737.1345
2022-09-03,1204589.339045
2022-09-04,1129135.695015
2022-09-05,1176264.105088
2022-09-06,1274759.355348
2022-09-07,1292813.437903
2022-09-08,1273913.653579
2022-09-09,1259837.140648
2022-09-10,1229715.59794
2022-09-11,1196547.578148
2022-09-12,1224673.03871
2022-09-13,1244256.614756
2022-09-14,1231442.370785
2022-09-15,1224740.232955
2022-09-16,1292193.930869
2022-09-17,1313931.33386
2022-09-18,1318947.756337
2022-09-19,1369098.626385
2022-09-20,1382096.560731
2022-09-21,1360100.145362
2022-09-22,1336142.744771
2022-09-23,1335499.727824
2022-09-24,1299992.74915
2022-09-25,1282778.018143
2022-09-26,1235393.02569
2022-09-27,1130769.778625
2022-09-28,1135297.193688
2022-09-29,1106688.665651
2022-09-30,1067544.732391
2022-10-01,1014831.682793
2022-10-02,1002572.900669
2022-10-03,1057959.583385
2022-10-04,1076516.035079
2022-10-05,1098410.818271
2022-10-06,1118065.142971
2022-10-07,1086830.522988
2022-10-08,1039858.226771
2022-10-09,1029844.068992
2022-10-10,1102044.435589
2022-10-11,1118049.156661
2022-10-12,1231467.978424
2022-10-13,1143934.875348
2022-10-14,1104554.35325
2022-10-15,1172508.359472
2022-10-16,1118054.611315
2022-10-17,1006929.967505
2022-10-18,916347.359608
2022-10-19,925284.330909
2022-10-20,963841.213501
2022-10-21,1019851.630816
2022-10-22,1047742.056442
2022-10-23,1093036.801906
2022-10-24,1116503.565863
2022-10-25,952331.262281
2022-10-26,947587.954594
2022-10-27,962578.436617
2022-10-28,963352.785743
2022-10-29,888916.01386
2022-10-30,899748.234099
2022-10-31,952232.788811
2022-11-01,954925.034703
2022-11-02,986229.233774
2022-11-03,1071432.210176
2022-11-04,1106128.53519
2022-11-05,934457.832808
2022-11-06,1022585.447327
2022-11-07,1095318.725953
2022-11-08,1093609.793428
2022-11-09,1092961.362641
2022-11-10,1058326.671576
2022-11-11,1019307.640173
2022-11-12,980187.298207
2022-11-13,1010636.355015
2022-11-14,1062243.931781
2022-11-15,1094293.393494
2022-11-16,1095859.010098
2022-11-17,1074986.80113
2022-11-18,1079549.975183
2022-11-19,1150867.042378
2022-11-20,1141625.532238
2022-11-21,1147541.322525
2022-11-22,1080231.988387
2022-11-23,1010372.046714
2022-11-24,929894.563388
2022-11-25,932592.860666
2022-11-26,942819.769722
2022-11-27,957700.099083
2022-11-28,1013348.970996
2022-11-29,1017105.951173
2022-11-30,1039934.924678
2022-12-01,1062384.408705
2022-12-02,1019456.922636
2022-12-03,973941.903048
2022-12-04,967315.283469
2022-12-05,1013888.009957
2022-12-06,1012668.947515
2022-12-07,1019746.563028
2022-12-08,1038006.527903
2022-12-09,1022684.378172
2022-12-10,983826.263681
2022-12-11,955839.058491
2022-12-12,1008069.294439
2022-12-13,1031197.246807
2022-12-14,989556.663304
2022-12-15,1051724.704917
2022-12-16,1101313.13617
2022-12-17,1079102.124804
2022-12-18,1121805.962259
2022-12-19,1125177.749524
2022-12-20,1110091.482855
2022-12-21,1170148.652625
2022-12-22,1360479.485144
2022-12-23,1665344.475506
2022-12-24,1421598.683273
2022-12-25,1242464.924858
2022-12-26,1153268.553597
2022-12-27,1186142.825838
2022-12-28,1063651.975561
2022-12-29,932525.435152
2022-12-30,932820.78065
2022-12-31,931475.569728
2023-01-01,894823.775187
2023-01-02,964855.220257
2023-01-03,961109.224955
2023-01-04,978229.040491
2023-01-05,1008903.025581
2023-01-06,1012549.727365
2023-01-07,931704.421755
2023-01-08,927369.504436
2023-01-09,992214.702804
2023-01-10,980506.567917
2023-01-11,992704.91456
2023-01-12,984551.746914
2023-01-13,1046461.781127
2023-01-14,1037715.137444
2023-01-15,962095.955617
2023-01-16,958840.907233
2023-01-17,976487.790578
2023-01-18,982508.582944
2023-01-19,977235.842468
2023-01-20,1023350.13035
2023-01-21,990442.951887
2023-01-22,1011146.141194
2023-01-23,1114424.251289
2023-01-24,1123209.407108
2023-01-25,1171907.329191
2023-01-26,1156648.816933
2023-01-27,1143577.766254
2023-01-28,1005618.951107
2023-01-29,1013892.964449
2023-01-30,1334718.389345
2023-01-31,1478201.113329
2023-02-01,1448591.675613
2023-02-02,1365773.899653
2023-02-03,1219788.33558
2023-02-04,1104373.533542
2023-02-05,980013.208602
2023-02-06,971658.734314
2023-02-07,990788.93323
2023-02-08,1060373.266746
2023-02-09,1073999.400046
2023-02-10,1100460.872451
2023-02-11,1120571.299788
2023-02-12,1056515.416021
2023-02-13,1031339.582723
2023-02-14,980778.357053
2023-02-15,1003733.83574
2023-02-16,1065424.682752
2023-02-17,1188529.361178
2023-02-18,1145292.160611
2023-02-19,1000148.272043
2023-02-20,1001919.799285
2023-02-21,1034619.83905
2023-02-22,1052736.032422
2023-02-23,1036842.300143
2023-02-24,1068865.098378
2023-02-25,1051320.788808
2023-02-26,1010979.651912
2023-02-27,1029154.670828
2023-02-28,1045389.168314
2023-03-01,1059626.896958
2023-03-02,1051481.880444
2023-03-03,961214.16643
2023-03-04,950332.109185
2023-03-05,951777.292501
2023-03-06,1037591.353697
2023-03-07,1052664.446364
2023-03-08,1054634.745406
2023-03-09,1057265.207294
2023-03-10,1030475.182769
2023-03-11,1051464.162672
2023-03-12,951997.686262
2023-03-13,969086.461158
2023-03-14,984574.032246
2023-03-15,993700.069648
2023-03-16,1014927.279407
2023-03-17,1027087.964758
2023-03-18,1027729.048534
2023-03-19,1039896.667706
2023-03-20,1119699.171143
2023-03-21,1039397.691711
2023-03-22,1051752.598454
2023-03-23,1099035.168389
2023-03-24,1082043.46137
2023-03-25,992814.575976
2023-03-26,970763.440168
2023-03-27,1024306.542857
2023-03-28,1005113.995561
2023-03-29,974844.105049
2023-03-30,1020795.378611
2023-03-31,1103397.268642
2023-04-01,1015216.464214
2023-04-02,1032221.783248
2023-04-03,1184550.925755
2023-04-04,1181284.686394
2023-04-05,1060290.755104
2023-04-06,982152.082694
2023-04-07,970858.670822
2023-04-08,926755.780554
2023-04-09,922540.53807
2023-04-10,978122.068103
2023-04-11,1007650.605872
2023-04-12,1016894.373921
2023-04-13,1032239.405889
2023-04-14,1053957.300433
2023-04-15,1102339.092457
2023-04-16,950337.166955
2023-04-17,999504.491663
2023-04-18,1035244.823091
2023-04-19,1114774.698903
2023-04-20,1124464.404653
2023-04-21,1044641.339762
2023-04-22,983047.437173
2023-04-23,923307.234465
2023-04-24,959138.627159
2023-04-25,1001736.395802
2023-04-26,1068359.300451
2023-04-27,1032258.564116
2023-04-28,1042921.58829
2023-04-29,931361.769063
2023-04-30,988682.040813
2023-05-01,1051390.492889
2023-05-02,1081762.429715
2023-05-03,1109996.734533
2023-05-04,1127033.546025
2023-05-05,1288073.461504
2023-05-06,1225126.415538
2023-05-07,1144488.332703
2023-05-08,1233656.625416
2023-05-09,1157778.616879
2023-05-10,1118611.17453
2023-05-11,1230948.418125
2023-05-12,1288713.261974
2023-05-13,1113707.164293
2023-05-14,1072090.986507
2023-05-15,1172514.018216
2023-05-16,1140790.770108
2023-05-17,1165367.369245
2023-05-18,1220042.248639
2023-05-19,1273654.034583
2023-05-20,1129858.07529
2023-05-21,1042529.072858
2023-05-22,1164777.489909
2023-05-23,1227042.089467
2023-05-24,1218059.635128
2023-05-25,1214856.31829
2023-05-26,1217544.989625
2023-05-27,1170941.067267
2023-05-28,1144202.681548
2023-05-29,1181202.839768
2023-05-30,1234965.332789
2023-05-31,1277293.8065
2023-06-01,1290618.833478
2023-06-02,1307664.089054
2023-06-03,1249077.333933
2023-06-04,1154373.356831
2023-06-05,1195260.650641
2023-06-06,1216840.960873
2023-06-07,1270665.159917
2023-06-08,1275496.449003
2023-06-09,1357034.819607
2023-06-10,1380427.970182
2023-06-11,1366241.784416
2023-06-12,1391525.281473
2023-06-13,1361027.322998
2023-06-14,1415666.374121
2023-06-15,1495632.008983
2023-06-16,1482171.404122
2023-06-17,1449621.903972
2023-06-18,1455685.750316
2023-06-19,1546383.257917
2023-06-20,1584488.153693
2023-06-21,1546746.580757
2023-06-22,1431292.503911
2023-06-23,1479121.191756
2023-06-24,1489523.585193
2023-06-25,1536878.465804
2023-06-26,1592032.760304
2023-06-27,1605203.989617
2023-06-28,1589281.654507
2023-06-29,1586737.863425
2023-06-30,1548461.134256
2023-07-01,1427045.244688
2023-07-02,1367404.178017
2023-07-03,1461025.261986
2023-07-04,1419485.516933
2023-07-05,1506208.287778
2023-07-06,1421622.429567
2023-07-07,1405940.119323
2023-07-08,1444571.463937
2023-07-09,1452207.343357
2023-07-10,1542581.006248
2023-07-11,1561460.715973
2023-07-12,1613001.837673
2023-07-13,1627217.199909
2023-07-14,1613612.331073
2023-07-15,1557400.403199
2023-07-16,1474777.310627
2023-07-17,1574870.390026
2023-07-18,1633045.02732
2023-07-19,1637263.629665
2023-07-20,1615983.847036
2023-07-21,1579707.892068
2023-07-22,1512689.970373
2023-07-23,1460413.13297
2023-07-24,1540589.720493
2023-07-25,1580245.728564
2023-07-26,1579405.363165
2023-07-27,1570314.343133
2023-07-28,1551308.300179
2023-07-29,1519684.39367
2023-07-30,1536496.941336
2023-07-31,1628747.10187
2023-08-01,1657243.667736
2023-08-02,1655190.253895
2023-08-03,1660702.712212
2023-08-04,1671519.188258
2023-08-05,1650339.849336
2023-08-06,1617949.790093
2023-08-07,1675913.470942
2023-08-08,1663316.05648
2023-08-09,1681443.301384
2023-08-10,1697276.342206
2023-08-11,1707283.194222
2023-08-12,1673757.795388
2023-08-13,1653623.465986
2023-08-14,1669719.91612
2023-08-15,1567921.903292
2023-08-16,1518107.264388
2023-08-17,1590845.774566
2023-08-18,1658613.337102
2023-08-19,1630970.450368
2023-08-20,1638719.328864
2023-08-21,1676509.556927
2023-08-22,1613041.004027
2023-08-23,1618165.116236
2023-08-24,1636480.301498
2023-08-25,1651194.463893
2023-08-26,1607845.708385
2023-08-27,1566488.577694
2023-08-28,1517105.355352
2023-08-29,1483196.826473
2023-08-30,1464212.080607
2023-08-31,1474454.541516
2023-09-01,1483758.415415
2023-09-02,1432839.732572
2023-09-03,1449984.888468
2023-09-04,1528821.896153
2023-09-05,1625696.316825
2023-09-06,1620236.137513
2023-09-07,1643208.491965
2023-09-08,1645614.207409
2023-09-09,1502297.324076
2023-09-10,1399451.842538
2023-09-11,1377284.149399
2023-09-12,1355630.615374
2023-09-13,1330897.954925
2023-09-14,1294704.684673
2023-09-15,1288874.296242
2023-09-16,1231944.757853
2023-09-17,1265329.844699
2023-09-18,1332556.84127
2023-09-19,1365366.861464
2023-09-20,1403258.289236
2023-09-21,1448119.69515
2023-09-22,1485745.354441
2023-09-23,1497088.161996
2023-09-24,1496246.616327
2023-09-25,1432121.681445
2023-09-26,1390392.79656
2023-09-27,1400487.108406
2023-09-28,1420527.593434
2023-09-29,1429201.503422
2023-09-30,1377103.002939
2023-10-01,1311154.765944
2023-10-02,1337863.405935
2023-10-03,1315503.821998
2023-10-04,1400539.032668
2023-10-05,1222071.573393
2023-10-06,1175998.128778
2023-10-07,1014917.499439
2023-10-08,978988.740709
2023-10-09,1090017.579581
2023-10-10,1127772.648273
2023-10-11,1093998.797252
2023-10-12,1134049.508101
2023-10-13,1200314.802931
2023-10-14,1005010.905096
2023-10-15,949301.752552
2023-10-16,985341.160257
2023-10-17,1004891.894468
2023-10-18,1044538.971878
2023-10-19,1097271.016032
2023-10-20,1128135.851672
2023-10-21,1112942.582557
2023-10-22,1144307.54608
2023-10-23,1212690.283169
2023-10-24,1199924.443163
2023-10-25,1204502.849861
2023-10-26,1208888.703903
2023-10-27,1247443.933113
2023-10-28,1140433.550518
2023-10-29,1106067.191498
2023-10-30,1108691.822255
2023-10-31,1092620.870589
2023-11-01,1089749.879595
2023-11-02,1074876.244872
2023-11-03,1032820.471893
2023-11-04,993225.825888
2023-11-05,1047063.893441
2023-11-06,1091303.655282
2023-11-07,1132144.385091
2023-11-08,1152721.887857
2023-11-09,1087558.109763
2023-11-10,1020451.156136
2023-11-11,975674.963238
2023-11-12,968882.378793
2023-11-13,1007313.862145
2023-11-14,1007077.286326
2023-11-15,1007926.118222
2023-11-16,1019676.12913
2023-11-17,1029787.866368
2023-11-18,992149.580008
2023-11-19,985129.31649
2023-11-20,1056788.60351
2023-11-21,1045039.708291
2023-11-22,1082770.625982
2023-11-23,1035765.867115
2023-11-24,996394.470374
2023-11-25,999169.552478
2023-11-26,1034202.326374
2023-11-27,1158052.381776
2023-11-28,1099782.726398
2023-11-29,1102577.892557
2023-11-30,1044760.277353
2023-12-01,1028429.920226
2023-12-02,1022716.708897
2023-12-03,1012476.219436
2023-12-04,1047373.327148
2023-12-05,1066087.703677
2023-12-06,1060123.426905
2023-12-07,1071956.805942
2023-12-08,1048454.73031
2023-12-09,1034339.022055
2023-12-10,1071749.882186
2023-12-11,1160424.633715
2023-12-12,1105629.562486
2023-12-13,1091529.769963
2023-12-14,1086206.708594
2023-12-15,1061252.140573
2023-12-16,1054747.381881
2023-12-17,1075187.941764
2023-12-18,1094633.717717
2023-12-19,1130829.691183
2023-12-20,1080720.397519
2023-12-21,1045917.183525
2023-12-22,1023231.49081
2023-12-23,1002583.686999
2023-12-24,985125.170257
2023-12-25,1031572.319933
2023-12-26,1130573.26506
2023-12-27,1130511.933451
2023-12-28,1160024.211395
2023-12-29,1178760.923918
2023-12-30,1118830.544378
2023-12-31,1057899.831074
2024-01-01,41621.968883
