"Date","Temperature_Max","Temperature_Min"
2016-01-01,4.9,1.3
2016-01-02,7,2.8
2016-01-03,12.4,-0.6
2016-01-04,9.4,-2.2
2016-01-05,10.1,0.7
2016-01-06,11.5,8
2016-01-07,17.6,6.2
2016-01-08,15.6,4.7
2016-01-09,6.8,0.4
2016-01-10,5.4,-4
2016-01-11,10.8,-0.3
2016-01-12,14.2,-2
2016-01-13,17,2.6
2016-01-14,17.5,5.8
2016-01-15,15.3,4.7
2016-01-16,9.6,1.8
2016-01-17,14.5,-0.1
2016-01-18,8.6,-3
2016-01-19,18.4,5.1
2016-01-20,16.5,-0.8
2016-01-21,12.7,3.9
2016-01-22,9.6,1
2016-01-23,16,-1.8
2016-01-24,19.8,4.9
2016-01-25,16.2,7.3
2016-01-26,7.9,2.6
2016-01-27,12.8,-0.6
2016-01-28,19,3
2016-01-29,22.9,4.2
2016-01-30,25.8,6.9
2016-01-31,23.1,10.4
2016-02-01,27.4,7.1
2016-02-02,15,6.5
2016-02-03,8.8,0.4
2016-02-04,12,-1.8
2016-02-05,14.6,1.1
2016-02-06,12.9,2.4
2016-02-07,18.7,2.5
2016-02-08,14.4,3.2
2016-02-09,19.8,1.6
2016-02-10,23.7,3.7
2016-02-11,23.8,9.8
2016-02-12,21.9,5.4
2016-02-13,24.2,6.8
2016-02-14,19.3,10
2016-02-15,20.5,7.2
2016-02-16,21.9,8.5
2016-02-17,24.6,6.2
2016-02-18,27,12.4
2016-02-19,27.6,14.1
2016-02-20,26.7,14.7
2016-02-21,20.7,13.9
2016-02-22,17.1,11.1
2016-02-23,13,6.6
2016-02-24,15.6,4.1
2016-02-25,14.1,3.4
2016-02-26,17,0.3
2016-02-27,21.7,4.8
2016-02-28,23.5,11.2
2016-02-29,25.4,8.2
2016-03-01,20.1,10.3
2016-03-02,26.7,7.8
2016-03-03,21.7,10.9
2016-03-04,24.8,6.7
2016-03-05,25.6,9.6
2016-03-06,23.6,13.3
2016-03-07,21.9,15.8
2016-03-08,25.4,14.4
2016-03-09,18.8,12.7
2016-03-10,17.5,12.2
2016-03-11,12.8,11.2
2016-03-12,19.9,10.3
2016-03-13,25.9,11.5
2016-03-14,28.5,10.8
2016-03-15,26.8,14.6
2016-03-16,24.6,8.5
2016-03-17,24,13.9
2016-03-18,21.1,8.8
2016-03-19,12.9,2.8
2016-03-20,14.5,2.7
2016-03-21,20.3,3.7
2016-03-22,26.5,9.4
2016-03-23,29.5,14.4
2016-03-24,17.9,7.4
2016-03-25,23.8,6
2016-03-26,26.2,10.1
2016-03-27,18.6,7.1
2016-03-28,22.9,5.6
2016-03-29,25.2,14.4
2016-03-30,29.7,15.7
2016-03-31,22.9,13.4
2016-04-01,14.5,6.1
2016-04-02,20.2,4.7
2016-04-03,24,6.8
2016-04-04,29,11.9
2016-04-05,29.7,14.2
2016-04-06,25,13.9
2016-04-07,29.4,11.8
2016-04-08,23.7,14.6
2016-04-09,20.4,12.3
2016-04-10,27.6,15
2016-04-11,28.8,15.6
2016-04-12,19.6,14
2016-04-13,19.9,13.3
2016-04-14,24.1,10
2016-04-15,26.5,12.5
2016-04-16,23.8,15.3
2016-04-17,19,15.3
2016-04-18,17.9,12.4
2016-04-19,22.2,14.1
2016-04-20,22.5,15.7
2016-04-21,23.6,14
2016-04-22,24.5,13.2
2016-04-23,25.4,12.5
2016-04-24,26.4,15.9
2016-04-25,30.1,16.9
2016-04-26,29.3,17.6
2016-04-27,26.1,12.6
2016-04-28,27.5,14.3
2016-04-29,29.5,18.9
2016-04-30,23.7,10.6
2016-05-01,18.8,12.6
2016-05-02,19.5,9.2
2016-05-03,22.6,7.6
2016-05-04,26.4,11.4
2016-05-05,28.2,11.9
2016-05-06,29.3,15.1
2016-05-07,30,16.5
2016-05-08,29.7,19.6
2016-05-09,29.2,18.5
2016-05-10,33.9,17.8
2016-05-11,32.2,19.4
2016-05-12,25.7,18.1
2016-05-13,28.6,17.6
2016-05-14,23.6,14.9
2016-05-15,22.9,14.2
2016-05-16,28.4,17.4
2016-05-17,25.1,15.2
2016-05-18,15.9,12.7
2016-05-19,19,12.8
2016-05-20,25.7,13.3
2016-05-21,28.1,17.9
2016-05-22,28.1,18.8
2016-05-23,29,19.4
2016-05-24,30.2,21.4
2016-05-25,32.1,23.1
2016-05-26,32.9,22.1
2016-05-27,29.6,18.6
2016-05-28,30.3,17.9
2016-05-29,30.4,21.5
2016-05-30,27,18.9
2016-05-31,26.4,19.9
2016-06-01,24.4,18.5
2016-06-02,23,17.8
2016-06-03,23.3,17.9
2016-06-04,27,16.7
2016-06-05,27.4,17.4
2016-06-06,27.9,14.6
2016-06-07,28.5,16
2016-06-08,29.4,18.1
2016-06-09,30.6,19.9
2016-06-10,30.1,21.3
2016-06-11,31.2,21.2
2016-06-12,31.3,23.5
2016-06-13,33.1,23.1
2016-06-14,33.6,24
2016-06-15,34.9,23.8
2016-06-16,35.5,24.2
2016-06-17,35.9,24.3
2016-06-18,34.5,23.7
2016-06-19,32.8,24.2
2016-06-20,31.1,23
2016-06-21,33.1,22.6
2016-06-22,35.2,23.8
2016-06-23,34.7,23.6
2016-06-24,32.5,22.9
2016-06-25,32.3,23.4
2016-06-26,29.8,23.6
2016-06-27,31.6,22.3
2016-06-28,32.7,23.3
2016-06-29,32.6,20.9
2016-06-30,33,22.3
2016-07-01,34,23.4
2016-07-02,35.2,23.9
2016-07-03,37.7,25.7
2016-07-04,38.5,26.1
2016-07-05,37.1,25.7
2016-07-06,37.4,25.3
2016-07-07,37.3,25.1
2016-07-08,36.1,25.1
2016-07-09,34.5,24.6
2016-07-10,35.6,24.2
2016-07-11,37.1,24.4
2016-07-12,37.4,24.9
2016-07-13,37.8,25.1
2016-07-14,37.3,25.5
2016-07-15,36.1,25.1
2016-07-16,36,25.5
2016-07-17,35.8,24.3
2016-07-18,34.4,24.2
2016-07-19,34.8,25
2016-07-20,35.2,25
2016-07-21,35.9,25.4
2016-07-22,36,25
2016-07-23,35.9,25.6
2016-07-24,35.6,26.2
2016-07-25,36.2,25.7
2016-07-26,35.4,24
2016-07-27,35.6,25
2016-07-28,33.5,24.9
2016-07-29,33.5,23.8
2016-07-30,34.1,24.7
2016-07-31,36.2,24.8
2016-08-01,37.2,24.6
2016-08-02,37.3,24.6
2016-08-03,37,25.6
2016-08-04,37.2,25.8
2016-08-05,36.6,25.7
2016-08-06,36,25.4
2016-08-07,36.3,26.3
2016-08-08,36.7,26.8
2016-08-09,35.7,26.9
2016-08-10,36.9,26.9
2016-08-11,37.4,27.1
2016-08-12,37,27.5
2016-08-13,30.9,23.5
2016-08-14,30.7,23.3
2016-08-15,29.4,22.2
2016-08-16,30.4,19.5
2016-08-17,30.6,21.7
2016-08-18,28.3,21.1
2016-08-19,29.5,22.8
2016-08-20,26.6,21.9
2016-08-21,27.3,19.4
2016-08-22,28.3,20.5
2016-08-23,32.1,23.2
2016-08-24,32.3,22.2
2016-08-25,33,22.4
2016-08-26,31.7,21.2
2016-08-27,32.6,22.2
2016-08-28,31,22.1
2016-08-29,30.4,21.6
2016-08-30,29.8,21.5
2016-08-31,32.5,21.4
2016-09-01,31,22.3
2016-09-02,29.2,21.6
2016-09-03,30.6,21.3
2016-09-04,32.5,21.7
2016-09-05,32.3,23
2016-09-06,33.6,23.6
2016-09-07,33.6,24
2016-09-08,36,23.6
2016-09-09,35.9,23.9
2016-09-10,27,20.1
2016-09-11,30.8,16.9
2016-09-12,33.2,21
2016-09-13,31.8,23.1
2016-09-14,30.6,22.3
2016-09-15,31.4,22
2016-09-16,32.1,22.6
2016-09-17,31.1,22.3
2016-09-18,33.9,22.8
2016-09-19,35.8,24.3
2016-09-20,34.1,23.7
2016-09-21,33.4,22.2
2016-09-22,32.6,22
2016-09-23,32.4,22.2
2016-09-24,32.3,22.8
2016-09-25,22.8,16.6
2016-09-26,21.6,15.4
2016-09-27,22.7,16.2
2016-09-28,28.1,13.6
2016-09-29,23.8,15.4
2016-09-30,23.3,11.3
2016-10-01,26.5,14.4
2016-10-02,27.5,15
2016-10-03,28,16
2016-10-04,31.3,19.4
2016-10-05,31,20.2
2016-10-06,30.9,21.4
2016-10-07,23.8,14.1
2016-10-08,21.1,14.2
2016-10-09,24.5,15.3
2016-10-10,26.5,12.6
2016-10-11,29.4,15.5
2016-10-12,31.4,15.9
2016-10-13,20.5,13.1
2016-10-14,26.5,16.7
2016-10-15,30.8,19.3
2016-10-16,32.5,20.4
2016-10-17,33.2,20.5
2016-10-18,29.7,20.5
2016-10-19,31.3,19.7
2016-10-20,22.6,14.2
2016-10-21,21.1,9.4
2016-10-22,26.1,10.3
2016-10-23,26.3,14.9
2016-10-24,26.7,16
2016-10-25,25.4,18.1
2016-10-26,28.5,16.4
2016-10-27,28.1,16.8
2016-10-28,28.1,17.3
2016-10-29,28.5,16.8
2016-10-30,29.4,16.8
2016-10-31,28.7,16.4
2016-11-01,30.3,17.5
2016-11-02,28,19.5
2016-11-03,20.2,16.6
2016-11-04,21.1,14.5
2016-11-05,21.3,14.2
2016-11-06,21.1,15.3
2016-11-07,21.9,15.9
2016-11-08,17.5,14.2
2016-11-09,14.3,11.1
2016-11-10,17.2,10.2
2016-11-11,19.9,10.1
2016-11-12,17,9.7
2016-11-13,20.6,7.7
2016-11-14,24,12.2
2016-11-15,25.8,10.1
2016-11-16,26,12
2016-11-17,24.5,14.5
2016-11-18,18.7,7.5
2016-11-19,12.4,2.7
2016-11-20,18,3.9
2016-11-21,22.5,7.6
2016-11-22,24.3,13.9
2016-11-23,17.7,8.7
2016-11-24,21.8,6.3
2016-11-25,15.5,8.2
2016-11-26,14.9,8.7
2016-11-27,21.4,14.3
2016-11-28,18.3,12.3
2016-11-29,18.4,11.7
2016-11-30,13.1,5
2016-12-01,17.8,3.8
2016-12-02,15,7.8
2016-12-03,10.6,6.9
2016-12-04,10.9,7
2016-12-05,10.9,4.2
2016-12-06,9.7,2.5
2016-12-07,11.2,1.3
2016-12-08,4.7,-3.3
2016-12-09,5.6,-4.3
2016-12-10,13.2,-0.1
2016-12-11,20.9,7.9
2016-12-12,14.2,2.2
2016-12-13,12,3.9
2016-12-14,13.2,0.7
2016-12-15,9.5,-0.5
2016-12-16,22.1,10.2
2016-12-17,24.3,-6.3
2016-12-18,-2.9,-9.5
2016-12-19,2.9,-7.8
2016-12-20,14.6,-1
2016-12-21,19.4,4.4
2016-12-22,11.2,4
2016-12-23,18.4,5.7
2016-12-24,20.9,8.3
2016-12-25,21.8,12.1
2016-12-26,19.5,9.7
2016-12-27,18.3,6.6
2016-12-28,23.6,12.5
2016-12-29,12.1,7.7
2016-12-30,10.5,6.2
2016-12-31,22.5,7.9
2017-01-01,19.3,4.8
2017-01-02,18.6,9.3
2017-01-03,13.3,2.1
2017-01-04,7,-1.3
2017-01-05,6.1,-6.8
2017-01-06,-3.6,-8.3
2017-01-07,2.8,-9.3
2017-01-08,9.1,-3.6
2017-01-09,18.7,1.8
2017-01-10,22.4,11
2017-01-11,24.5,10.8
2017-01-12,21.4,10.2
2017-01-13,12.1,4.2
2017-01-14,6.8,2.5
2017-01-15,14.2,5.9
2017-01-16,16.1,1.9
2017-01-17,9.3,4
2017-01-18,13.4,4.8
2017-01-19,19.3,5.2
2017-01-20,20.3,8.7
2017-01-21,20.6,7
2017-01-22,16,7.7
2017-01-23,21.4,2.3
2017-01-24,23.6,10.1
2017-01-25,11.7,2.6
2017-01-26,10.3,-1.3
2017-01-27,9.4,0.3
2017-01-28,11.6,-0.3
2017-01-29,16.9,3
2017-01-30,20.3,2.7
2017-01-31,21.7,5.1
2017-02-01,20.7,6.2
2017-02-02,9.8,1.3
2017-02-03,8.1,-1.2
2017-02-04,16.1,5.2
2017-02-05,20.3,9.8
2017-02-06,25,11.3
2017-02-07,25.1,11.3
2017-02-08,22.9,8.4
2017-02-09,18,2
2017-02-10,25.3,8.7
2017-02-11,30.3,13.2
2017-02-12,18.9,10.9
2017-02-13,12.6,4.5
2017-02-14,8.9,3.6
2017-02-15,12.7,1.9
2017-02-16,17.2,0.2
2017-02-17,21.9,8.7
2017-02-18,23.7,7.6
2017-02-19,23,13.5
2017-02-20,21.3,10.8
2017-02-21,24.4,7.7
2017-02-22,29.2,6.4
2017-02-23,31.4,10.2
2017-02-24,17.7,6.1
2017-02-25,13.2,1.1
2017-02-26,22.9,5.9
2017-02-27,25.4,8.4
2017-02-28,28.3,12.9
2017-03-01,19.3,6.9
2017-03-02,16.6,4.1
2017-03-03,17.8,2.5
2017-03-04,16.1,8.9
2017-03-05,23.8,12.6
2017-03-06,27.7,13.4
2017-03-07,19.8,9.4
2017-03-08,23.9,7.2
2017-03-09,27.8,16.6
2017-03-10,25.4,13.5
2017-03-11,24.3,8.9
2017-03-12,12.6,5.5
2017-03-13,19.2,9
2017-03-14,24.3,4.9
2017-03-15,23.4,8.6
2017-03-16,27.1,13.7
2017-03-17,29.7,16.3
2017-03-18,27.9,15.5
2017-03-19,30.5,16.1
2017-03-20,31.6,16.6
2017-03-21,32.9,16.2
2017-03-22,29.7,15.2
2017-03-23,27.7,17.5
2017-03-24,26.8,15.4
2017-03-25,23.9,9.3
2017-03-26,30.2,13.7
2017-03-27,26.5,10.4
2017-03-28,25.5,17.3
2017-03-29,22,10.9
2017-03-30,25.5,8.1
2017-03-31,30.1,12.1
2017-04-01,23.5,13.7
2017-04-02,16.4,10.3
2017-04-03,26.5,8.1
2017-04-04,27,10
2017-04-05,19.4,8
2017-04-06,22.3,7
2017-04-07,24.7,10.9
2017-04-08,30,14.2
2017-04-09,29.6,16.6
2017-04-10,23,16.3
2017-04-11,26.5,15.4
2017-04-12,22.5,15.6
2017-04-13,23.5,16.4
2017-04-14,24.3,16.7
2017-04-15,27.5,16.7
2017-04-16,28.3,16.7
2017-04-17,24.4,15.3
2017-04-18,25.9,13.2
2017-04-19,28.5,16.3
2017-04-20,29.3,17.4
2017-04-21,32.6,15.8
2017-04-22,18.6,9.4
2017-04-23,21.9,7.9
2017-04-24,30.4,11.6
2017-04-25,34.8,18.1
2017-04-26,22.5,14
2017-04-27,31.3,11.5
2017-04-28,33.1,20.4
2017-04-29,25.2,9.3
2017-04-30,22.2,6.3
2017-05-01,28.3,9.6
2017-05-02,32.5,14.3
2017-05-03,23.3,14.7
2017-05-04,22,11.6
2017-05-05,25.2,9.1
2017-05-06,31.2,13.9
2017-05-07,31.5,17
2017-05-08,28,17.1
2017-05-09,25.4,18.8
2017-05-10,29.9,18.7
2017-05-11,28.9,16.1
2017-05-12,25.3,14.4
2017-05-13,27.6,13.1
2017-05-14,33.1,17.2
2017-05-15,32.8,19.7
2017-05-16,32.3,20.8
2017-05-17,28.8,14.7
2017-05-18,31.4,19.6
2017-05-19,25.3,17.5
2017-05-20,24.4,15.7
2017-05-21,23.5,15.4
2017-05-22,23.7,14.3
2017-05-23,21.3,11
2017-05-24,26.4,10.2
2017-05-25,33.7,17.1
2017-05-26,36.9,22.2
2017-05-27,36.4,23
2017-05-28,30.4,21.3
2017-05-29,29.6,18.8
2017-05-30,31.3,17.6
2017-05-31,29.1,18
2017-06-01,28.4,17.6
2017-06-02,27.9,19.7
2017-06-03,27.6,18.6
2017-06-04,28.1,19.3
2017-06-05,28.2,18.7
2017-06-06,30.5,19.5
2017-06-07,31.4,19.7
2017-06-08,33.1,19.5
2017-06-09,35.8,22.2
2017-06-10,35.9,21.9
2017-06-11,35.7,21.8
2017-06-12,35.8,23.1
2017-06-13,36.2,22.6
2017-06-14,36.9,23.8
2017-06-15,38,24.4
2017-06-16,39.4,24
2017-06-17,41.1,25.4
2017-06-18,38,26.3
2017-06-19,30.9,21.9
2017-06-20,33.2,23.2
2017-06-21,34.3,22
2017-06-22,36.1,20.2
2017-06-23,39.2,25.3
2017-06-24,29.8,19.1
2017-06-25,29.5,21.2
2017-06-26,28.5,21
2017-06-27,30.1,19.9
2017-06-28,33.9,21
2017-06-29,38.3,22.8
2017-06-30,39.2,25.3
2017-07-01,32,19.4
2017-07-02,36.3,24.1
2017-07-03,36.5,24.2
2017-07-04,34,24.3
2017-07-05,33.7,23.7
2017-07-06,30.4,22.5
2017-07-07,32.1,22.6
2017-07-08,33.2,22.9
2017-07-09,34.4,23.9
2017-07-10,34.7,23.2
2017-07-11,33.5,23.3
2017-07-12,32.5,23.8
2017-07-13,31.8,23.5
2017-07-14,32.6,23.6
2017-07-15,34.1,24
2017-07-16,32.2,23.7
2017-07-17,32.7,23.5
2017-07-18,32.9,22.6
2017-07-19,33.8,24.7
2017-07-20,34.4,24.8
2017-07-21,35.8,25
2017-07-22,36,25.3
2017-07-23,35.7,24.8
2017-07-24,32.8,23.3
2017-07-25,34.2,23.8
2017-07-26,34.8,24.5
2017-07-27,34.5,24.1
2017-07-28,35.7,25
2017-07-29,36.7,24.7
2017-07-30,33.8,25.9
2017-07-31,32.8,24.5
2017-08-01,30.2,22.9
2017-08-02,27.4,20.8
2017-08-03,31.2,19.3
2017-08-04,32.3,21.2
2017-08-05,34.2,24.1
2017-08-06,35.8,25.7
2017-08-07,29.3,23.5
2017-08-08,30.4,21.6
2017-08-09,30.7,20.9
2017-08-10,32.7,22.2
2017-08-11,33.2,23.3
2017-08-12,35.6,25
2017-08-13,33.9,23.3
2017-08-14,34.6,23.5
2017-08-15,32.9,25
2017-08-16,32.4,24.6
2017-08-17,32,24.2
2017-08-18,32.2,23.3
2017-08-19,33.3,24.1
2017-08-20,34.3,24.1
2017-08-21,34.2,24.2
2017-08-22,33.4,24.2
2017-08-23,30.8,23
2017-08-24,30,21.8
2017-08-25,28.1,21.5
2017-08-26,26.2,21.5
2017-08-27,29,20.8
2017-08-28,29.1,19.5
2017-08-29,29.8,18.9
2017-08-30,29.4,18
2017-08-31,30.4,18.2
2017-09-01,31.7,19.2
2017-09-02,33.6,21
2017-09-03,32.6,20.8
2017-09-04,33,20.8
2017-09-05,32.1,21.3
2017-09-06,28.8,18.8
2017-09-07,29.3,17.3
2017-09-08,29.1,16.1
2017-09-09,29.1,17.4
2017-09-10,29.2,17.4
2017-09-11,29.2,17.3
2017-09-12,31.8,15.9
2017-09-13,34.6,19.3
2017-09-14,37.4,22.1
2017-09-15,34.3,22.9
2017-09-16,35.8,23
2017-09-17,33.5,23.4
2017-09-18,33.4,22.7
2017-09-19,34.6,23.7
2017-09-20,36.1,23.8
2017-09-21,35.1,24.7
2017-09-22,32.2,23.2
2017-09-23,32.3,22.6
2017-09-24,28.6,22
2017-09-25,28,21.8
2017-09-26,26.9,19
2017-09-27,21.3,18.1
2017-09-28,21.8,17.3
2017-09-29,21.1,18
2017-09-30,26,16.8
2017-10-01,26.8,16.9
2017-10-02,29.3,19.6
2017-10-03,29.6,21.2
2017-10-04,28.3,22.2
2017-10-05,27.9,20.6
2017-10-06,29.2,19.3
2017-10-07,26.9,15.4
2017-10-08,30.5,12
2017-10-09,31.2,15.5
2017-10-10,18.8,9.6
2017-10-11,25.1,10.8
2017-10-12,30.7,16.8
2017-10-13,32.1,20.5
2017-10-14,32.9,21.6
2017-10-15,23.9,13
2017-10-16,22,8.5
2017-10-17,25.8,7.6
2017-10-18,29,11.1
2017-10-19,27.1,13.9
2017-10-20,26.6,17.8
2017-10-21,29.8,18.7
2017-10-22,23,12.5
2017-10-23,28,10.1
2017-10-24,21.2,11.3
2017-10-25,25.1,6.1
2017-10-26,31,12.3
2017-10-27,15.4,5.9
2017-10-28,14.5,3
2017-10-29,22.9,4.3
2017-10-30,22.1,9
2017-10-31,12.7,7.1
2017-11-01,29.9,8.7
2017-11-02,31.4,14.5
2017-11-03,26.9,10.1
2017-11-04,31.4,17.8
2017-11-05,32.2,18.6
2017-11-06,29.6,15.4
2017-11-07,19.2,8.7
2017-11-08,8.3,4.2
2017-11-09,13.7,1.7
2017-11-10,14.3,6.4
2017-11-11,23.6,12.7
2017-11-12,19.8,13.5
2017-11-13,17.9,12.7
2017-11-14,25.2,16.1
2017-11-15,23.7,15.7
2017-11-16,22.8,13.9
2017-11-17,27.9,15.9
2017-11-18,19.2,8.1
2017-11-19,13.8,2.1
2017-11-20,18.2,3.8
2017-11-21,18.9,8.3
2017-11-22,14.6,3.5
2017-11-23,20.1,2.1
2017-11-24,24.3,6.6
2017-11-25,21.2,9
2017-11-26,20.9,6
2017-11-27,24.4,10.5
2017-11-28,25,12.9
2017-11-29,17.4,7.1
2017-11-30,20,6.4
2017-12-01,22.5,8.6
2017-12-02,21.9,13.3
2017-12-03,23.1,12.7
2017-12-04,26,14.9
2017-12-05,14.8,5.8
2017-12-06,5.9,2.9
2017-12-07,5.3,-2.1
2017-12-08,11.1,-3.6
2017-12-09,15.8,2.5
2017-12-10,18.9,0.8
2017-12-11,20.6,2
2017-12-12,13.9,4.8
2017-12-13,19.8,0.8
2017-12-14,15.1,4.1
2017-12-15,12.1,2.5
2017-12-16,11.7,1.4
2017-12-17,17.4,4.1
2017-12-18,15.5,4.1
2017-12-19,16.2,9.2
2017-12-20,18.5,4.4
2017-12-21,23.7,8.5
2017-12-22,14.8,0.7
2017-12-23,12.7,-1.7
2017-12-24,8.6,-0.7
2017-12-25,12.2,-2.9
2017-12-26,10.6,0.3
2017-12-27,1.5,-2
2017-12-28,8.2,-2
2017-12-29,13.6,3
2017-12-30,6.1,0.2
2017-12-31,1,-8.3
2018-01-01,-1.9,-10
2018-01-02,-1.3,-8.7
2018-01-03,10.4,-8.3
2018-01-04,10,-4.3
2018-01-05,14.1,0.1
2018-01-06,16,1.1
2018-01-07,15,9
2018-01-08,15.9,4.3
2018-01-09,20.8,2.3
2018-01-10,21.6,7.2
2018-01-11,12.7,3.8
2018-01-12,10.5,-3.7
2018-01-13,7.9,-3.8
2018-01-14,14.2,0.2
2018-01-15,16.7,-2.8
2018-01-16,-1.3,-7.4
2018-01-17,3,-9.2
2018-01-18,8.7,-3.5
2018-01-19,17,0.3
2018-01-20,22,4.6
2018-01-21,21.2,9.4
2018-01-22,14.1,2.9
2018-01-23,13.9,0.7
2018-01-24,14.3,-2.3
2018-01-25,17.3,0.1
2018-01-26,20.5,10
2018-01-27,17,6.9
2018-01-28,16.9,1.1
2018-01-29,13.9,2.4
2018-01-30,19.4,1.7
2018-01-31,23.6,7.7
2018-02-01,15.6,5.8
2018-02-02,13.1,1
2018-02-03,21.5,6.9
2018-02-04,20.5,2
2018-02-05,20.6,-2.4
2018-02-06,9.7,0.2
2018-02-07,9.5,-2.3
2018-02-08,13.4,-2.2
2018-02-09,23.5,4.2
2018-02-10,10.8,-1.4
2018-02-11,5.7,-6.3
2018-02-12,10.8,-3.5
2018-02-13,11.8,2.2
2018-02-14,23.4,11.4
2018-02-15,26.5,14.9
2018-02-16,16.1,6.8
2018-02-17,22.1,5.5
2018-02-18,22.7,8.5
2018-02-19,26.4,16.9
2018-02-20,23.2,5.4
2018-02-21,5.2,-2.8
2018-02-22,5.3,-2.8
2018-02-23,13,1.4
2018-02-24,22.1,7.2
2018-02-25,22.7,2.9
2018-02-26,19.9,3.1
2018-02-27,24.8,10.9
2018-02-28,26,13.3
2018-03-01,16.4,7.1
2018-03-02,19.4,4.5
2018-03-03,23.1,11
2018-03-04,27,15.9
2018-03-05,19.1,9.9
2018-03-06,17.4,5.2
2018-03-07,15.9,2
2018-03-08,21.7,7.8
2018-03-09,26.3,10.1
2018-03-10,30.8,11.9
2018-03-11,21.1,9.3
2018-03-12,16.5,4.2
2018-03-13,18.3,3.6
2018-03-14,20.4,4
2018-03-15,25.5,10.8
2018-03-16,27.6,11.6
2018-03-17,26.2,11.8
2018-03-18,28.5,13.8
2018-03-19,21.8,11.6
2018-03-20,18.9,4.8
2018-03-21,24,8
2018-03-22,27.7,12.4
2018-03-23,30,15.3
2018-03-24,29.9,16
2018-03-25,32.5,18
2018-03-26,28.7,18.5
2018-03-27,21.7,14.6
2018-03-28,16.6,9.2
2018-03-29,19.3,8.2
2018-03-30,19.8,8.3
2018-03-31,27.7,13.3
2018-04-01,27.2,8.6
2018-04-02,22.6,8.4
2018-04-03,29,9.7
2018-04-04,18,5.2
2018-04-05,28,10.8
2018-04-06,31,9.1
2018-04-07,10.3,1
2018-04-08,26.6,3.9
2018-04-09,16,9
2018-04-10,21.6,7.5
2018-04-11,28.9,11.7
2018-04-12,35.1,17.2
2018-04-13,30.1,14.9
2018-04-14,20.7,7.7
2018-04-15,19.9,5.2
2018-04-16,29.5,10.9
2018-04-17,34.1,15.7
2018-04-18,23.9,13.6
2018-04-19,22.7,11
2018-04-20,23.1,11
2018-04-21,27,12.2
2018-04-22,21.1,8.2
2018-04-23,24.8,9.1
2018-04-24,31.4,14.9
2018-04-25,20.9,8.3
2018-04-26,24.7,6.1
2018-04-27,23.8,11.9
2018-04-28,27.7,13.8
2018-04-29,27.7,15.5
2018-04-30,25.8,16.4
2018-05-01,32.9,19.3
2018-05-02,34,21.2
2018-05-03,28.8,19.3
2018-05-04,23.3,15.2
2018-05-05,27.4,12.3
2018-05-06,29.9,13.2
2018-05-07,32.2,17.1
2018-05-08,33.2,19
2018-05-09,31.4,19.2
2018-05-10,31.6,18.4
2018-05-11,32.1,19
2018-05-12,32.7,19.5
2018-05-13,33,21.2
2018-05-14,31.2,20.1
2018-05-15,31.4,19.8
2018-05-16,30.6,18.8
2018-05-17,32.7,21.2
2018-05-18,34.6,21.1
2018-05-19,32,20.9
2018-05-20,26.7,17.8
2018-05-21,28.6,16.7
2018-05-22,28.9,18.1
2018-05-23,29.5,19.9
2018-05-24,30.8,20.4
2018-05-25,34.4,20.7
2018-05-26,36.8,21.8
2018-05-27,36.3,23.2
2018-05-28,35.7,23.8
2018-05-29,36.7,23.8
2018-05-30,37.7,23.8
2018-05-31,37.4,24.4
2018-06-01,37,24.5
2018-06-02,38.8,25.7
2018-06-03,32.5,24.9
2018-06-04,31.6,18.6
2018-06-05,35.4,22.9
2018-06-06,36.6,23
2018-06-07,35.5,24.3
2018-06-08,33.3,21.8
2018-06-09,33.7,23.7
2018-06-10,34.8,23.5
2018-06-11,34.8,24.5
2018-06-12,35.9,24.6
2018-06-13,34.3,23.4
2018-06-14,34.6,23.9
2018-06-15,34.4,23.9
2018-06-16,34.1,23.4
2018-06-17,34.1,23.2
2018-06-18,33,23.9
2018-06-19,33.4,22.8
2018-06-20,33.3,21.4
2018-06-21,34.8,22
2018-06-22,38.1,24.1
2018-06-23,38.6,25.6
2018-06-24,39.7,26.2
2018-06-25,36.1,24.2
2018-06-26,36.2,24.7
2018-06-27,37.3,25.2
2018-06-28,37.3,25.1
2018-06-29,36.6,25.2
2018-06-30,36.7,25.5
2018-07-01,36.5,25.8
2018-07-02,36.6,24.9
2018-07-03,37,24.7
2018-07-04,36.6,25.3
2018-07-05,30.9,22.7
2018-07-06,32.8,24.1
2018-07-07,30.8,22.3
2018-07-08,30.6,22
2018-07-09,28.4,22.6
2018-07-10,31.3,22.5
2018-07-11,34.3,22.6
2018-07-12,34.9,24.1
2018-07-13,33.8,24.5
2018-07-14,36.3,24.8
2018-07-15,36.2,25.3
2018-07-16,37,24.7
2018-07-17,37.7,24.6
2018-07-18,39,25.2
2018-07-19,39.6,27
2018-07-20,39.9,26.2
2018-07-21,39.9,25.9
2018-07-22,39.9,25.7
2018-07-23,41.1,26.1
2018-07-24,36.5,24.5
2018-07-25,36.7,25.6
2018-07-26,36.4,25.4
2018-07-27,35.3,25.6
2018-07-28,36.9,25.3
2018-07-29,37.6,26.3
2018-07-30,32.7,23.2
2018-07-31,32.5,22.2
2018-08-01,33.1,19.8
2018-08-02,34.3,22.7
2018-08-03,34.4,23.8
2018-08-04,35.4,23.7
2018-08-05,35.5,23.9
2018-08-06,35.1,23.2
2018-08-07,35.4,24.5
2018-08-08,36.4,25.3
2018-08-09,33.9,23.9
2018-08-10,30,21.6
2018-08-11,30.9,19.8
2018-08-12,28,21.1
2018-08-13,26.5,20.9
2018-08-14,30.4,22.5
2018-08-15,32.1,22.9
2018-08-16,32.9,22.6
2018-08-17,34.1,23.8
2018-08-18,33.9,24.9
2018-08-19,33.9,24.8
2018-08-20,33.3,23.4
2018-08-21,33.7,22.7
2018-08-22,34.5,24.8
2018-08-23,36.4,25.8
2018-08-24,36.6,25
2018-08-25,37.1,24.7
2018-08-26,36.5,24.6
2018-08-27,37.1,24.8
2018-08-28,37,24.8
2018-08-29,35.8,24.7
2018-08-30,35.3,24.6
2018-08-31,35.6,25.1
2018-09-01,34.7,24.5
2018-09-02,33.7,24.7
2018-09-03,27.7,22.3
2018-09-04,26.2,22.3
2018-09-05,26.4,21.8
2018-09-06,26,21.1
2018-09-07,26.9,20.6
2018-09-08,24.7,20.4
2018-09-09,26.2,18
2018-09-10,26.8,15.6
2018-09-11,26.1,16.5
2018-09-12,28,19.9
2018-09-13,28.7,20.8
2018-09-14,28,20.3
2018-09-15,26.5,21
2018-09-16,27.6,20.9
2018-09-17,28.7,20.6
2018-09-18,30.2,21.1
2018-09-19,30.5,20.8
2018-09-20,28.5,21.3
2018-09-21,27.4,18.4
2018-09-22,20.4,15
2018-09-23,23.2,17.8
2018-09-24,27.1,16.1
2018-09-25,30.3,16.9
2018-09-26,23.3,13.3
2018-09-27,22.7,11.1
2018-09-28,28,16.8
2018-09-29,27.1,18.5
2018-09-30,27.8,20.1
2018-10-01,27.4,19.7
2018-10-02,29,19.9
2018-10-03,30.5,21.3
2018-10-04,30.6,20.8
2018-10-05,30,20.7
2018-10-06,28.7,20.6
2018-10-07,28.4,20.5
2018-10-08,24.5,20.4
2018-10-09,25.2,15.8
2018-10-10,20.6,9.8
2018-10-11,21.6,12.9
2018-10-12,25.5,16.6
2018-10-13,24.6,15.5
2018-10-14,28.7,7.1
2018-10-15,9,2.3
2018-10-16,7.4,4.1
2018-10-17,9.5,7.2
2018-10-18,14.4,7.9
2018-10-19,18,12.2
2018-10-20,20.2,12.6
2018-10-21,19.2,8.4
2018-10-22,18.5,11.1
2018-10-23,20.1,10.7
2018-10-24,13.8,11
2018-10-25,20.6,9.2
2018-10-26,23.1,9.5
2018-10-27,25.5,12
2018-10-28,26,13.6
2018-10-29,26.2,12.9
2018-10-30,26.6,16.6
2018-10-31,16.3,8.6
2018-11-01,14.5,5.9
2018-11-02,20.4,5.1
2018-11-03,21.6,10.8
2018-11-04,15.7,8.5
2018-11-05,24.8,12
2018-11-06,25.4,10.8
2018-11-07,17.8,12.1
2018-11-08,16.1,8.1
2018-11-09,11.2,4.2
2018-11-10,11.5,3
2018-11-11,19.6,4.7
2018-11-12,10.5,-1.5
2018-11-13,5.1,-4.8
2018-11-14,10.7,-4.7
2018-11-15,16.6,-0.8
2018-11-16,17.5,2.1
2018-11-17,20,4.4
2018-11-18,7.9,-0.5
2018-11-19,13.2,2
2018-11-20,12.4,1.7
2018-11-21,11.9,1.5
2018-11-22,17.4,3.6
2018-11-23,20.4,8.5
2018-11-24,21.4,5.2
2018-11-25,14.3,3.6
2018-11-26,11.4,-1.2
2018-11-27,16.6,-0.6
2018-11-28,20.6,6.2
2018-11-29,23.4,8.7
2018-11-30,23.2,11.2
2018-12-01,19.6,12.1
2018-12-02,15.6,4.5
2018-12-03,12.7,4.6
2018-12-04,11.3,0.2
2018-12-05,12.4,0
2018-12-06,14.2,6
2018-12-07,5.9,3
2018-12-08,3.6,-0.1
2018-12-09,7.9,-1.4
2018-12-10,12.5,-3.7
2018-12-11,13.9,0.7
2018-12-12,16.3,7.2
2018-12-13,9.6,1.9
2018-12-14,10.8,3
2018-12-15,15.2,-2.1
2018-12-16,15.5,3.4
2018-12-17,13.2,3.2
2018-12-18,16.3,2.5
2018-12-19,15.7,5.1
2018-12-20,13.2,5.8
2018-12-21,16.6,-0.8
2018-12-22,19.5,7.2
2018-12-23,11,2.9
2018-12-24,16.7,2.3
2018-12-25,17.6,5.6
2018-12-26,18.1,9.1
2018-12-27,12.2,3.7
2018-12-28,6.5,-1.3
2018-12-29,2.9,-1.1
2018-12-30,5.7,1.2
2018-12-31,15,2.8
2019-01-01,3,-3.8
2019-01-02,1.5,-3.3
2019-01-03,7.6,-1.5
2019-01-04,15.1,-2
2019-01-05,17.6,-0.8
2019-01-06,20.1,5.8
2019-01-07,18.7,7.7
2019-01-08,13.9,3.7
2019-01-09,12.2,4.6
2019-01-10,15.6,6
2019-01-11,13.6,9.7
2019-01-12,11.7,2.2
2019-01-13,8.5,-0.7
2019-01-14,9.6,-1.8
2019-01-15,12,2.9
2019-01-16,17.3,5
2019-01-17,17.7,5.6
2019-01-18,23.4,8
2019-01-19,10.3,1.2
2019-01-20,15.2,-2.9
2019-01-21,17.9,5
2019-01-22,18.7,2.7
2019-01-23,9.9,-1.6
2019-01-24,13.2,0.4
2019-01-25,10.4,-2.4
2019-01-26,13.1,0
2019-01-27,14.9,1.6
2019-01-28,12.7,2.7
2019-01-29,7.2,-1.2
2019-01-30,11.3,1.2
2019-01-31,18,3.8
2019-02-01,19.8,9.1
2019-02-02,19.5,11.8
2019-02-03,22.8,9.9
2019-02-04,24.2,10.9
2019-02-05,25.2,11.4
2019-02-06,24.7,15.4
2019-02-07,18.2,-0.2
2019-02-08,1.6,-4.4
2019-02-09,4.3,-1.4
2019-02-10,12.4,2.8
2019-02-11,12.4,7.8
2019-02-12,13.1,2.2
2019-02-13,17.5,1.8
2019-02-14,25.5,9.9
2019-02-15,27.7,6.1
2019-02-16,17.5,-0.4
2019-02-17,12.5,1.6
2019-02-18,7.8,1.6
2019-02-19,4.7,-0.7
2019-02-20,13.2,-2.6
2019-02-21,13.1,5.9
2019-02-22,17.7,6.3
2019-02-23,17.4,8.1
2019-02-24,13.8,0.9
2019-02-25,18.9,4
2019-02-26,22.4,10
2019-02-27,22.8,-3.2
2019-02-28,12.9,-2
2019-03-01,24.1,7.1
2019-03-02,12.4,3.5
2019-03-03,4.9,-4
2019-03-04,0,-7.8
2019-03-05,6,-6
2019-03-06,12.8,-2.8
2019-03-07,21.8,4.2
2019-03-08,25.3,11.4
2019-03-09,22.2,13
2019-03-10,13.3,7.4
2019-03-11,15.2,8.3
2019-03-12,23.6,12.3
2019-03-13,21,8.8
2019-03-14,16.3,7.6
2019-03-15,12.6,2.8
2019-03-16,13.8,3.2
2019-03-17,15.8,5.4
2019-03-18,17.3,4.8
2019-03-19,19,6.6
2019-03-20,18.5,6.6
2019-03-21,20.3,3.1
2019-03-22,24.4,10.7
2019-03-23,25,15.2
2019-03-24,27.3,13.9
2019-03-25,22.6,10.6
2019-03-26,23.2,8.7
2019-03-27,26.4,12.5
2019-03-28,27.2,15.2
2019-03-29,28.7,14.5
2019-03-30,19.6,6.6
2019-03-31,11.9,2.7
2019-04-01,15.4,4.3
2019-04-02,22.8,6.3
2019-04-03,25.3,12.5
2019-04-04,26.4,15.7
2019-04-05,28.2,13
2019-04-06,27.7,15.5
2019-04-07,25.9,12.4
2019-04-08,27.8,11.9
2019-04-09,32.4,13.6
2019-04-10,35,18.5
2019-04-11,23,12.4
2019-04-12,24.4,8.6
2019-04-13,13.5,4.7
2019-04-14,18.9,2.8
2019-04-15,27.1,11.1
2019-04-16,24.9,14.6
2019-04-17,29.1,17.7
2019-04-18,22,12.4
2019-04-19,21.3,10.6
2019-04-20,29,8.6
2019-04-21,31.2,16.2
2019-04-22,27.4,17.2
2019-04-23,24.3,16
2019-04-24,18.6,13.7
2019-04-25,27.6,10.7
2019-04-26,23.2,13.7
2019-04-27,29.8,15.1
2019-04-28,28.7,16.1
2019-04-29,27.8,17.4
2019-04-30,29.1,19.6
2019-05-01,27.4,17.2
2019-05-02,24.1,16.6
2019-05-03,23.3,16.2
2019-05-04,23.1,15
2019-05-05,26.7,15.8
2019-05-06,27,18.1
2019-05-07,26.8,17.9
2019-05-08,27.1,16.4
2019-05-09,19.7,12.1
2019-05-10,17.6,8.2
2019-05-11,18.8,10.5
2019-05-12,23.5,8.9
2019-05-13,24.9,12.3
2019-05-14,25.1,14.9
2019-05-15,26.7,14.6
2019-05-16,28,17.7
2019-05-17,29.7,18.2
2019-05-18,29.2,18.2
2019-05-19,27.1,13.4
2019-05-20,31.2,21.2
2019-05-21,25.1,16.5
2019-05-22,32,17.3
2019-05-23,30.8,23.1
2019-05-24,29.6,23.2
2019-05-25,30.1,21.8
2019-05-26,29.4,20.7
2019-05-27,32.4,20.8
2019-05-28,31.7,22.1
2019-05-29,27,18.3
2019-05-30,26.9,15.8
2019-05-31,27.6,16.2
2019-06-01,29.1,20.5
2019-06-02,29.4,19.5
2019-06-03,27.8,20.6
2019-06-04,26.3,21.9
2019-06-05,30.7,20.9
2019-06-06,27.9,17.7
2019-06-07,28.8,17.7
2019-06-08,31.8,17.3
2019-06-09,32.7,19.2
2019-06-10,24.7,16.8
2019-06-11,25.8,17.4
2019-06-12,28.7,15.8
2019-06-13,28.8,17.1
2019-06-14,32.9,21
2019-06-15,34.2,22.8
2019-06-16,31,20.8
2019-06-17,30,18.9
2019-06-18,31.9,20.1
2019-06-19,34.5,22.5
2019-06-20,37.8,22.1
2019-06-21,35.9,25.6
2019-06-22,32.1,23.6
2019-06-23,35.9,21.7
2019-06-24,33.7,21
2019-06-25,32.4,18.8
2019-06-26,30.7,21
2019-06-27,33.8,21.4
2019-06-28,33.3,22.2
2019-06-29,33.6,21.5
2019-06-30,32.6,21.5
2019-07-01,33,22.3
2019-07-02,33.4,22.7
2019-07-03,33.5,22.6
2019-07-04,32.7,23.5
2019-07-05,34.9,24.1
2019-07-06,34.1,24.1
2019-07-07,34.4,24
2019-07-08,31.9,25
2019-07-09,36.1,25.2
2019-07-10,36.7,24.7
2019-07-11,34.5,21.8
2019-07-12,34.1,23.1
2019-07-13,31.9,20.9
2019-07-14,32.4,22.3
2019-07-15,33.9,22.2
2019-07-16,34.8,25.1
2019-07-17,35.4,24.6
2019-07-18,35.6,24.3
2019-07-19,37,24.5
2019-07-20,36.7,24.3
2019-07-21,36,24
2019-07-22,34,24.1
2019-07-23,30.9,21.4
2019-07-24,30.2,18.1
2019-07-25,30.1,18.3
2019-07-26,31.6,19.7
2019-07-27,32.7,20.7
2019-07-28,34.3,23.5
2019-07-29,34.3,24.2
2019-07-30,35,25.5
2019-07-31,36.3,23.6
2019-08-01,36.4,24.9
2019-08-02,37.1,25.1
2019-08-03,37.3,27.2
2019-08-04,33.6,24.7
2019-08-05,34.6,25.5
2019-08-06,35.5,26.4
2019-08-07,37.8,26.4
2019-08-08,37.6,26.6
2019-08-09,37.3,26
2019-08-10,37.9,25.2
2019-08-11,38.7,25.9
2019-08-12,38.9,26
2019-08-13,38.8,26.9
2019-08-14,35.6,27.7
2019-08-15,36.1,24.1
2019-08-16,38,25.7
2019-08-17,39.2,27.2
2019-08-18,39.8,26.6
2019-08-19,37.9,26.2
2019-08-20,36.7,26.1
2019-08-21,35.4,25.7
2019-08-22,35.5,25.7
2019-08-23,34.5,25.1
2019-08-24,32.2,23.1
2019-08-25,37.7,23.7
2019-08-26,40.2,25.9
2019-08-27,33.1,23.6
2019-08-28,32.9,23.2
2019-08-29,36.1,24.9
2019-08-30,36.1,25.8
2019-08-31,33.2,23.9
2019-09-01,33.3,23.9
2019-09-02,32.6,23.7
2019-09-03,34.4,22.7
2019-09-04,34.4,23.6
2019-09-05,34.2,23.4
2019-09-06,35.1,23.7
2019-09-07,34.1,24.6
2019-09-08,35.4,24.4
2019-09-09,33.4,24.2
2019-09-10,32.4,23.7
2019-09-11,31.2,23.2
2019-09-12,34,23.3
2019-09-13,33.5,24.3
2019-09-14,32.3,22.7
2019-09-15,33.1,21.7
2019-09-16,32.9,23
2019-09-17,33.9,23
2019-09-18,34.2,21.6
2019-09-19,33.4,22.7
2019-09-20,35,25
2019-09-21,34.1,24
2019-09-22,32.7,24.1
2019-09-23,33.7,24.1
2019-09-24,33.9,23.7
2019-09-25,34.6,23.8
2019-09-26,35.1,23.8
2019-09-27,34.6,23.9
2019-09-28,34.5,24.4
2019-09-29,33.8,24.6
2019-09-30,33.3,23.9
2019-10-01,34.2,23.9
2019-10-02,33.8,22.8
2019-10-03,32.6,22.5
2019-10-04,30.5,20.4
2019-10-05,33.2,21.2
2019-10-06,34.1,17.3
2019-10-07,24.5,13.8
2019-10-08,27,13.7
2019-10-09,32,19.7
2019-10-10,33,17.1
2019-10-11,15.6,3.8
2019-10-12,18.6,5.6
2019-10-13,27.4,11.4
2019-10-14,24.5,18.2
2019-10-15,31.8,18.6
2019-10-16,22.4,12
2019-10-17,23.5,10.7
2019-10-18,29.8,12.8
2019-10-19,26.6,16.4
2019-10-20,32.4,13.3
2019-10-21,22.8,10.5
2019-10-22,24,9.3
2019-10-23,28.2,14.2
2019-10-24,20.6,4.4
2019-10-25,12.2,3.1
2019-10-26,21,3.2
2019-10-27,26.7,8.5
2019-10-28,15.3,5.2
2019-10-29,10.7,3.2
2019-10-30,9,0
2019-10-31,10.4,-4.4
2019-11-01,18.4,-0.1
2019-11-02,15.9,4.3
2019-11-03,22.1,7.1
2019-11-04,27.2,11.1
2019-11-05,21.8,9.3
2019-11-06,27.5,17.3
2019-11-07,19.9,1.9
2019-11-08,11.1,2.5
2019-11-09,19.7,2.9
2019-11-10,24.2,10.4
2019-11-11,15.6,-4.4
2019-11-12,3.7,-7.5
2019-11-13,10.7,-2.1
2019-11-14,12.6,2.5
2019-11-15,14.2,-0.7
2019-11-16,18.2,2.7
2019-11-17,17.3,5.1
2019-11-18,21.5,4.1
2019-11-19,25.5,6.4
2019-11-20,25.4,15.2
2019-11-21,24.9,9.7
2019-11-22,13.7,5
2019-11-23,17.6,1.3
2019-11-24,22.3,3.8
2019-11-25,24,7.5
2019-11-26,25.8,12.1
2019-11-27,11,3.6
2019-11-28,10.8,5.1
2019-11-29,22.9,8.2
2019-11-30,20.5,9.8
2019-12-01,12.6,3.5
2019-12-02,14.9,1.3
2019-12-03,18.9,5.7
2019-12-04,19.6,5.8
2019-12-05,26.5,10.8
2019-12-06,16.7,7.1
2019-12-07,16.7,2.1
2019-12-08,25.8,9.9
2019-12-09,19.5,3.8
2019-12-10,8.1,1.8
2019-12-11,12.3,0.6
2019-12-12,16.1,2.9
2019-12-13,20.7,6.1
2019-12-14,18.9,5.4
2019-12-15,25.5,3.8
2019-12-16,7.9,-1.3
2019-12-17,8.4,-1.7
2019-12-18,10.5,-3.5
2019-12-19,10.7,-4.3
2019-12-20,16,4.7
2019-12-21,14.5,-0.4
2019-12-22,15.2,-1.2
2019-12-23,20.2,0.2
2019-12-24,21.5,1.7
2019-12-25,20.1,7.7
2019-12-26,18.3,8.5
2019-12-27,19,13.5
2019-12-28,15.8,8.2
2019-12-29,10.1,1.7
2019-12-30,10.4,-0.1
2019-12-31,11.5,-0.2
2020-01-01,13.4,5.8
2020-01-02,18.7,7.5
2020-01-03,13.5,4.6
2020-01-04,17.4,1.2
2020-01-05,17.6,6.1
2020-01-06,17.8,2.2
2020-01-07,15.9,-0.9
2020-01-08,17.2,3.8
2020-01-09,22.1,13.3
2020-01-10,21.1,8.1
2020-01-11,10.4,0.9
2020-01-12,19.4,4.8
2020-01-13,20.4,5.5
2020-01-14,21,6
2020-01-15,18.9,11.7
2020-01-16,10.8,3.7
2020-01-17,12.2,3.6
2020-01-18,11.6,3.4
2020-01-19,10.6,-0.5
2020-01-20,12.4,0.8
2020-01-21,13.7,5.8
2020-01-22,18.2,8
2020-01-23,14.3,4.2
2020-01-24,15.7,0.9
2020-01-25,19.4,6.8
2020-01-26,18.8,4.2
2020-01-27,23.4,6.9
2020-01-28,14.2,6.2
2020-01-29,12,1.5
2020-01-30,8.2,0.7
2020-01-31,12.3,-0.8
2020-02-01,19.3,1.6
2020-02-02,23.1,2.4
2020-02-03,22.2,13.5
2020-02-04,15.8,1.1
2020-02-05,0.8,-3
2020-02-06,8.8,-5.1
2020-02-07,13.4,0.1
2020-02-08,18.3,2.3
2020-02-09,23.7,11.6
2020-02-10,10.5,1.9
2020-02-11,4.6,1.6
2020-02-12,14,2.4
2020-02-13,8.5,-0.2
2020-02-14,12.2,-2
2020-02-15,19.4,4.6
2020-02-16,23.4,7
2020-02-17,24.8,11.2
2020-02-18,12.3,7.4
2020-02-19,8.7,4.7
2020-02-20,10.2,1.4
2020-02-21,9,-2.6
2020-02-22,16,4.9
2020-02-23,17,8.9
2020-02-24,18.9,6.5
2020-02-25,12.7,2.5
2020-02-26,7.7,-1.1
2020-02-27,15.4,-3
2020-02-28,18.1,-0.1
2020-02-29,20.1,5.2
2020-03-01,25.2,11.3
2020-03-02,24.6,11.6
2020-03-03,19.2,12.2
2020-03-04,11.9,7.5
2020-03-05,20.3,3.2
2020-03-06,17.2,6.2
2020-03-07,18.6,7.3
2020-03-08,16.6,9.8
2020-03-09,23.6,14.4
2020-03-10,24.8,11.7
2020-03-11,26.8,14.7
2020-03-12,26.2,17.2
2020-03-13,19.9,15.3
2020-03-14,19.6,13
2020-03-15,17.3,11.7
2020-03-16,22.2,12.8
2020-03-17,22.4,15.9
2020-03-18,23.5,16
2020-03-19,24.6,15.6
2020-03-20,16.8,5.3
2020-03-21,12.6,4.4
2020-03-22,19.4,9.8
2020-03-23,25.9,11.7
2020-03-24,24.6,14.6
2020-03-25,30.1,9.9
2020-03-26,30.9,17
2020-03-27,28.6,18.5
2020-03-28,21,10
2020-03-29,21.7,7.6
2020-03-30,25.6,13.2
2020-03-31,20.8,10.2
2020-04-01,23.7,11.6
2020-04-02,26.9,15.4
2020-04-03,18.3,5.8
2020-04-04,11.8,4.9
2020-04-05,19.4,8.9
2020-04-06,21.2,14.3
2020-04-07,28.2,16.6
2020-04-08,30.5,19.4
2020-04-09,22.7,13.8
2020-04-10,22.8,11.2
2020-04-11,26.6,15.3
2020-04-12,23.9,7.1
2020-04-13,12.2,1.8
2020-04-14,10.6,3.1
2020-04-15,17.2,2.7
2020-04-16,24.2,9.1
2020-04-17,16.2,7.5
2020-04-18,21.3,5.7
2020-04-19,27.2,15.3
2020-04-20,28.9,11.4
2020-04-21,30.8,16
2020-04-22,29.1,19.4
2020-04-23,27.1,14.4
2020-04-24,30.1,17.8
2020-04-25,24,12.9
2020-04-26,28.7,11.5
2020-04-27,31.9,18.1
2020-04-28,36.2,20.3
2020-04-29,26.7,15.9
2020-04-30,30.4,13.4
2020-05-01,34.1,18.8
2020-05-02,36.3,20.8
2020-05-03,37.2,22
2020-05-04,37.4,22.2
2020-05-05,27.6,18.3
2020-05-06,28.6,14.7
2020-05-07,31.4,17.7
2020-05-08,25.8,14.5
2020-05-09,24.4,10.8
2020-05-10,26.3,13.8
2020-05-11,28.9,15.4
2020-05-12,29.6,19.3
2020-05-13,32.4,17.5
2020-05-14,33.1,22.1
2020-05-15,32.6,19.9
2020-05-16,24.5,17.2
2020-05-17,29,14.4
2020-05-18,34.8,18.8
2020-05-19,38.4,21.8
2020-05-20,36,20.8
2020-05-21,34.3,20
2020-05-22,33.3,22.3
2020-05-23,29.7,22.5
2020-05-24,30.9,20.1
2020-05-25,27.6,18.1
2020-05-26,27,15.8
2020-05-27,31.8,15.9
2020-05-28,30,17.1
2020-05-29,29.5,17.8
2020-05-30,29.7,16.7
2020-05-31,30.6,17.8
2020-06-01,27.3,19
2020-06-02,29,19.7
2020-06-03,31.2,21
2020-06-04,35,21.7
2020-06-05,34.9,22.5
2020-06-06,35.1,22.2
2020-06-07,33.8,23.3
2020-06-08,37.3,23.5
2020-06-09,32.8,22.8
2020-06-10,31.4,16.6
2020-06-11,34,20.2
2020-06-12,33.9,20.3
2020-06-13,33.7,20.3
2020-06-14,32.6,20.9
2020-06-15,32.8,21.3
2020-06-16,31.3,22.3
2020-06-17,34.4,22.2
2020-06-18,34.2,23.3
2020-06-19,33.6,23
2020-06-20,33.9,20.9
2020-06-21,36.4,23.2
2020-06-22,36.5,24.3
2020-06-23,30.5,20.3
2020-06-24,29.8,19.3
2020-06-25,32.5,19.8
2020-06-26,32.7,22.7
2020-06-27,33.5,22.8
2020-06-28,34.6,23.8
2020-06-29,35.5,24.9
2020-06-30,35.7,25
2020-07-01,36.3,25.5
2020-07-02,32.8,25.2
2020-07-03,35.5,24.1
2020-07-04,36,23.6
2020-07-05,34,24.7
2020-07-06,32.2,23.1
2020-07-07,33.5,23.5
2020-07-08,34.8,23.9
2020-07-09,36.9,25.1
2020-07-10,36.8,24.9
2020-07-11,38.1,25.7
2020-07-12,38.5,25.5
2020-07-13,39.9,26.8
2020-07-14,40.8,27.3
2020-07-15,39.3,27.2
2020-07-16,38.1,25.8
2020-07-17,37.4,25.5
2020-07-18,35.5,25
2020-07-19,35.1,24.6
2020-07-20,34.5,25.1
2020-07-21,34.9,25.1
2020-07-22,33.6,25.6
2020-07-23,34.9,25.4
2020-07-24,34.8,25.5
2020-07-25,34.5,25
2020-07-26,33,23.6
2020-07-27,34.3,24
2020-07-28,33.4,25.9
2020-07-29,36.4,25.6
2020-07-30,37.3,24.2
2020-07-31,32.9,24.6
2020-08-01,34.2,21.1
2020-08-02,35.8,21.9
2020-08-03,31.6,24.2
2020-08-04,37.4,22.5
2020-08-05,38.3,25.2
2020-08-06,38,25.3
2020-08-07,37.3,25.1
2020-08-08,37.1,25.7
2020-08-09,37.4,25.6
2020-08-10,37.7,25.7
2020-08-11,37.9,25.3
2020-08-12,39.4,26.1
2020-08-13,39.8,27
2020-08-14,40.8,27
2020-08-15,40.1,28.8
2020-08-16,38.8,25.5
2020-08-17,35.3,23.8
2020-08-18,34.6,23.4
2020-08-19,36.2,23.5
2020-08-20,32.1,23.9
2020-08-21,35.5,22.4
2020-08-22,34.3,24
2020-08-23,34.8,23.5
2020-08-24,33.9,22.2
2020-08-25,34.5,23.8
2020-08-26,34.3,23.5
2020-08-27,35.6,23.7
2020-08-28,38.9,26.5
2020-08-29,37.8,27.5
2020-08-30,38,27.2
2020-08-31,38.7,27.1
2020-09-01,36.2,25
2020-09-02,30.8,22.9
2020-09-03,34.2,21.7
2020-09-04,31.1,22.4
2020-09-05,30.6,21.6
2020-09-06,33.5,21.1
2020-09-07,35.1,22.5
2020-09-08,30.6,23.2
2020-09-09,22.5,10.9
2020-09-10,13.4,10.5
2020-09-11,21.3,13.2
2020-09-12,27.6,16.3
2020-09-13,26.7,19.8
2020-09-14,26,18.6
2020-09-15,27,17.4
2020-09-16,28.8,17.7
2020-09-17,27,18.4
2020-09-18,26.9,18.1
2020-09-19,26.9,16.9
2020-09-20,26.9,13.9
2020-09-21,26,16.5
2020-09-22,24.4,18.3
2020-09-23,26.7,17.8
2020-09-24,28.2,14.5
2020-09-25,31.7,15.2
2020-09-26,32.6,18.4
2020-09-27,37.5,17.8
2020-09-28,23.5,15
2020-09-29,25.4,9
2020-09-30,29.6,11.3
2020-10-01,28.4,13
2020-10-02,27.3,13
2020-10-03,30.2,16.2
2020-10-04,26.6,14.6
2020-10-05,30.5,15.2
2020-10-06,31.3,16.5
2020-10-07,31.5,16.3
2020-10-08,30.7,17.6
2020-10-09,30.2,17
2020-10-10,35,16.8
2020-10-11,36.5,18
2020-10-12,27,16.1
2020-10-13,30.3,12.9
2020-10-14,35.2,17.8
2020-10-15,25,16.7
2020-10-16,22.6,10.5
2020-10-17,30.2,12.7
2020-10-18,32.8,13.5
2020-10-19,25.3,9.5
2020-10-20,31.7,18
2020-10-21,30.7,18.4
2020-10-22,31.1,19.4
2020-10-23,23.9,8.6
2020-10-24,20.3,6.3
2020-10-25,29,13.1
2020-10-26,12,-0.9
2020-10-27,3.1,-2
2020-10-28,12.1,0.7
2020-10-29,15.3,5.9
2020-10-30,17.9,3.7
2020-10-31,23.6,6.1
2020-11-01,21.1,10.9
2020-11-02,20.8,6.2
2020-11-03,24.4,6.6
2020-11-04,25.9,10.2
2020-11-05,25.9,10.7
2020-11-06,25.2,10.6
2020-11-07,24.1,13.7
2020-11-08,25.9,15.1
2020-11-09,27.8,16.1
2020-11-10,21.5,10.9
2020-11-11,23.1,9.6
2020-11-12,26.7,13.3
2020-11-13,22.9,10.6
2020-11-14,28.1,16.7
2020-11-15,19.3,8
2020-11-16,21.9,4.4
2020-11-17,21.3,5.5
2020-11-18,22.8,9.5
2020-11-19,23.9,13.2
2020-11-20,24.6,13.2
2020-11-21,23.5,11.6
2020-11-22,17.9,8.9
2020-11-23,22.3,7.6
2020-11-24,26.8,14.6
2020-11-25,18.3,4.5
2020-11-26,25,9
2020-11-27,17,8.9
2020-11-28,11.5,2.6
2020-11-29,11.5,1.1
2020-11-30,10.3,-1.5
2020-12-01,16.4,1.3
2020-12-02,11,3.2
2020-12-03,7.2,0
2020-12-04,13.2,-2.4
2020-12-05,12.9,1.3
2020-12-06,15.1,4
2020-12-07,18.2,0.5
2020-12-08,21.3,2
2020-12-09,22.1,1.9
2020-12-10,25.5,5
2020-12-11,20.9,7.9
2020-12-12,13.2,2
2020-12-13,12.5,1.3
2020-12-14,9.7,-2.7
2020-12-15,14.3,2.3
2020-12-16,11.2,-2.7
2020-12-17,13.9,-2
2020-12-18,18.3,6.3
2020-12-19,15,5.7
2020-12-20,16.7,-0.3
2020-12-21,20.2,0.1
2020-12-22,20.8,4.6
2020-12-23,20,1.5
2020-12-24,12.6,-2.8
2020-12-25,18.5,-0.2
2020-12-26,19.3,2.2
2020-12-27,22.6,7.3
2020-12-28,15.1,8.6
2020-12-29,22.4,14.8
2020-12-30,16.3,2.4
2020-12-31,3.7,-0.3
2021-01-01,4,-0.3
2021-01-02,11.9,-0.5
2021-01-03,15.9,2
2021-01-04,16,1.3
2021-01-05,18.2,1.9
2021-01-06,13.6,6.5
2021-01-07,11.7,1.6
2021-01-08,8.3,-0.6
2021-01-09,9.3,-1.9
2021-01-10,4.4,-2.1
2021-01-11,1.6,-4.5
2021-01-12,3.6,-8
2021-01-13,14.3,-7.4
2021-01-14,14,2.9
2021-01-15,11.8,0.3
2021-01-16,13.9,-3.3
2021-01-17,13.7,-0.1
2021-01-18,21.3,3.1
2021-01-19,10.4,6.7
2021-01-20,10,4.7
2021-01-21,13,8.2
2021-01-22,13.2,5
2021-01-23,15,3.4
2021-01-24,19.5,12.1
2021-01-25,17.5,7
2021-01-26,16.6,1.5
2021-01-27,11,1.9
2021-01-28,10.9,-1
2021-01-29,16.2,3.4
2021-01-30,19.4,10.9
2021-01-31,14.2,5.1
2021-02-01,14.9,0
2021-02-02,19.7,4.9
2021-02-03,24.3,7.5
2021-02-04,16,7.4
2021-02-05,15.8,3.4
2021-02-06,16.9,5.3
2021-02-07,21.6,2.9
2021-02-08,21.6,5.9
2021-02-09,16.6,-3.4
2021-02-10,4.5,-3.4
2021-02-11,4.6,-5.9
2021-02-12,-2.2,-7
2021-02-13,-3.2,-8.6
2021-02-14,-6,-14.1
2021-02-15,-6.7,-16.1
2021-02-16,3.2,-13.6
2021-02-17,-2.9,-7.9
2021-02-18,-2.8,-9.9
2021-02-19,8.2,-9.9
2021-02-20,16.5,-2.8
2021-02-21,20.2,5.3
2021-02-22,20.5,0.5
2021-02-23,24.5,5.9
2021-02-24,18.7,9.4
2021-02-25,9,6
2021-02-26,19.6,3.7
2021-02-27,23.3,8.5
2021-02-28,17.4,8.6
2021-03-01,11.9,4.6
2021-03-02,14.8,-1
2021-03-03,22.4,1.7
2021-03-04,26.5,7.8
2021-03-05,19.9,9.6
2021-03-06,17.5,4.9
2021-03-07,18.9,5.7
2021-03-08,21.8,7.3
2021-03-09,23.3,12.4
2021-03-10,26.9,15.3
2021-03-11,26.1,16.6
2021-03-12,28.7,17.1
2021-03-13,26.6,13
2021-03-14,19.2,10.2
2021-03-15,22.9,8.4
2021-03-16,26.9,10.6
2021-03-17,17.9,7.2
2021-03-18,16.6,4.6
2021-03-19,16.4,1.8
2021-03-20,21,4.3
2021-03-21,24.2,9
2021-03-22,19.9,11.4
2021-03-23,20.6,5.8
2021-03-24,19.1,9.8
2021-03-25,19.5,6.4
2021-03-26,26.9,9.7
2021-03-27,25.8,11.4
2021-03-28,21.3,11.3
2021-03-29,25.8,8.5
2021-03-30,30,12.7
2021-03-31,19.5,9
2021-04-01,19.6,4.7
2021-04-02,21,8.7
2021-04-03,20.4,10.8
2021-04-04,21.6,13.5
2021-04-05,25.9,14.3
2021-04-06,31.2,16.2
2021-04-07,25.6,12.3
2021-04-08,31.1,11.5
2021-04-09,34,16.7
2021-04-10,23.3,9.1
2021-04-11,32.9,12.1
2021-04-12,27.2,13.2
2021-04-13,21.7,12
2021-04-14,21.4,11.9
2021-04-15,19.9,13.5
2021-04-16,18.2,11.3
2021-04-17,15.3,6.8
2021-04-18,17.8,7
2021-04-19,20,5.6
2021-04-20,12.6,6.5
2021-04-21,12.4,3.4
2021-04-22,16.3,6.7
2021-04-23,28.6,13.5
2021-04-24,24.9,12.9
2021-04-25,31.7,11.4
2021-04-26,32.8,18.8
2021-04-27,30,20.9
2021-04-28,25,19.3
2021-04-29,19.2,13.7
2021-04-30,21.5,14.3
2021-05-01,21.3,16.6
2021-05-02,30.1,14.2
2021-05-03,29.3,19.1
2021-05-04,22.4,13.1
2021-05-05,23.8,10.6
2021-05-06,27.2,13.1
2021-05-07,29.2,15.8
2021-05-08,33.5,17.8
2021-05-09,28.2,17.7
2021-05-10,19.5,13.1
2021-05-11,22,13.3
2021-05-12,19.2,11.5
2021-05-13,20,11.3
2021-05-14,26,14
2021-05-15,24.3,18.3
2021-05-16,27.6,17.9
2021-05-17,27.6,16.9
2021-05-18,23.1,15.8
2021-05-19,23.7,16.9
2021-05-20,26.9,16.4
2021-05-21,28.1,18.1
2021-05-22,25.6,19.7
2021-05-23,25.6,19.1
2021-05-24,26.7,18.9
2021-05-25,30.8,19.6
2021-05-26,31,21.4
2021-05-27,33,21.2
2021-05-28,26,19.6
2021-05-29,26.9,18.5
2021-05-30,25.2,18.5
2021-05-31,25.2,17.9
2021-06-01,26.4,15.7
2021-06-02,25.9,14.8
2021-06-03,25.6,15.5
2021-06-04,25.1,16.3
2021-06-05,26.9,16.3
2021-06-06,30.6,19.1
2021-06-07,33.6,18.8
2021-06-08,33.5,22.2
2021-06-09,34.4,23
2021-06-10,35,23.8
2021-06-11,37.3,23.8
2021-06-12,35,23.1
2021-06-13,34.8,22.5
2021-06-14,31.6,22.6
2021-06-15,33.9,22.7
2021-06-16,34.5,21.3
2021-06-17,34.3,21.7
2021-06-18,34.6,22.6
2021-06-19,34.3,23.4
2021-06-20,36.7,23.1
2021-06-21,33.5,20
2021-06-22,30,18.5
2021-06-23,36.7,23.1
2021-06-24,36.1,24.6
2021-06-25,36,24.8
2021-06-26,35.9,24.8
2021-06-27,32.5,23.8
2021-06-28,28.7,21.4
2021-06-29,29.3,21.3
2021-06-30,31.4,21.3
2021-07-01,32.7,23.2
2021-07-02,32.9,24
2021-07-03,27.7,22.5
2021-07-04,30.9,22.4
2021-07-05,27.9,22.5
2021-07-06,28.5,21.5
2021-07-07,29.2,20.5
2021-07-08,30.4,20.6
2021-07-09,30.4,21.1
2021-07-10,32.7,22.4
2021-07-11,31.6,22.4
2021-07-12,28.7,20.5
2021-07-13,32.4,21
2021-07-14,31.7,21.2
2021-07-15,33.2,22.1
2021-07-16,35.3,23.2
2021-07-17,34.2,23.5
2021-07-18,33.4,24
2021-07-19,31.9,24.1
2021-07-20,31.3,20.8
2021-07-21,31.2,20.1
2021-07-22,32.7,21.7
2021-07-23,35.3,22.7
2021-07-24,37.5,24.4
2021-07-25,37.4,23.8
2021-07-26,37,23.8
2021-07-27,36.4,24.3
2021-07-28,34.1,26.7
2021-07-29,34.5,24
2021-07-30,35.3,24.1
2021-07-31,35.8,24.9
2021-08-01,32.2,26.4
2021-08-02,30,22.3
2021-08-03,30.2,18.4
2021-08-04,31.3,19.4
2021-08-05,32,21.7
2021-08-06,34.5,22.7
2021-08-07,35.9,23.7
2021-08-08,37.8,24.4
2021-08-09,37.5,25
2021-08-10,37.4,24.1
2021-08-11,36.5,24
2021-08-12,37.4,24.4
2021-08-13,34.9,24.7
2021-08-14,31.9,23.6
2021-08-15,31,22.3
2021-08-16,32.7,22.2
2021-08-17,26.4,23
2021-08-18,29.4,21.9
2021-08-19,30.8,23.4
2021-08-20,31.9,24.3
2021-08-21,33.4,23.1
2021-08-22,34,24
2021-08-23,34.9,22.9
2021-08-24,35.1,23.4
2021-08-25,34.3,23.4
2021-08-26,33.8,23.4
2021-08-27,32.9,23.1
2021-08-28,33,22.8
2021-08-29,32.2,22.8
2021-08-30,31.5,22.5
2021-08-31,34.5,23
2021-09-01,35,24.6
2021-09-02,33.3,25.1
2021-09-03,34,24.7
2021-09-04,34.1,24.4
2021-09-05,33.7,23.7
2021-09-06,32.4,23.3
2021-09-07,33.8,23.3
2021-09-08,34.8,22.5
2021-09-09,33.1,21.9
2021-09-10,33.8,20
2021-09-11,33.1,19
2021-09-12,32,18.5
2021-09-13,32,20.7
2021-09-14,31.3,20
2021-09-15,30.8,18.8
2021-09-16,31.3,19.8
2021-09-17,34.1,21.6
2021-09-18,33,21.7
2021-09-19,33.4,21.8
2021-09-20,37.9,23.6
2021-09-21,29,21
2021-09-22,26.7,13.8
2021-09-23,29.4,15
2021-09-24,29.4,15.8
2021-09-25,30.3,15.9
2021-09-26,30.4,16.5
2021-09-27,31.6,18.3
2021-09-28,32,21.5
2021-09-29,32.2,20.2
2021-09-30,31,20.3
2021-10-01,25.2,19.1
2021-10-02,24.5,18.5
2021-10-03,27,16.8
2021-10-04,28.4,14.3
2021-10-05,27.9,17.6
2021-10-06,28.4,17.2
2021-10-07,32.1,18
2021-10-08,32.8,18.9
2021-10-09,33.1,18.6
2021-10-10,34.6,18
2021-10-11,27.1,13.1
2021-10-12,33.5,19.4
2021-10-13,24.6,17.7
2021-10-14,27.6,15.3
2021-10-15,20.9,13.6
2021-10-16,19.5,8
2021-10-17,20.2,9.4
2021-10-18,23.1,10.8
2021-10-19,27.9,15.6
2021-10-20,26.8,17.2
2021-10-21,25.9,17.6
2021-10-22,27,16.8
2021-10-23,29.3,17.8
2021-10-24,30.4,19.1
2021-10-25,31.1,14.8
2021-10-26,31.9,19.6
2021-10-27,21.3,14.5
2021-10-28,21.7,13.1
2021-10-29,21.1,10.1
2021-10-30,26.2,8.5
2021-10-31,25,10.9
2021-11-01,22.9,13.8
2021-11-02,17.3,11.3
2021-11-03,13,8.8
2021-11-04,12.2,8
2021-11-05,17,6.6
2021-11-06,20.4,6.7
2021-11-07,23.8,9.1
2021-11-08,23.7,11
2021-11-09,24.1,15.1
2021-11-10,26.3,15.6
2021-11-11,19.3,8.9
2021-11-12,18.3,6.3
2021-11-13,21,3.2
2021-11-14,21.6,7.9
2021-11-15,27.2,6.5
2021-11-16,28.5,13.4
2021-11-17,25.9,9.7
2021-11-18,14.5,6.3
2021-11-19,19.1,4.9
2021-11-20,25.1,10
2021-11-21,17.5,11.2
2021-11-22,17.7,4
2021-11-23,22.2,2.6
2021-11-24,24.5,13.7
2021-11-25,13.7,5.2
2021-11-26,15.1,3.1
2021-11-27,17.2,9.1
2021-11-28,17.9,8.2
2021-11-29,23.2,4.2
2021-11-30,24.3,8.5
2021-12-01,24.6,9.9
2021-12-02,25.3,8.3
2021-12-03,28.7,15.5
2021-12-04,21.3,11.7
2021-12-05,24.9,11.8
2021-12-06,16.3,2.6
2021-12-07,20.4,0
2021-12-08,22.8,3.8
2021-12-09,28,13.9
2021-12-10,27.8,13.4
2021-12-11,18,4.1
2021-12-12,17.9,-0.6
2021-12-13,22.3,6
2021-12-14,24,10.1
2021-12-15,26.1,17.3
2021-12-16,20,15.3
2021-12-17,24.6,15.4
2021-12-18,17.6,3.6
2021-12-19,8.5,1.3
2021-12-20,14.8,2.2
2021-12-21,19.2,0.9
2021-12-22,20.2,2.5
2021-12-23,26.6,7.5
2021-12-24,28.9,13.3
2021-12-25,28.2,13.3
2021-12-26,30.6,13.8
2021-12-27,26.1,12.7
2021-12-28,23.3,12.3
2021-12-29,23.3,11.9
2021-12-30,21.5,7.9
2021-12-31,20,10.6
2022-01-01,21.2,-5.6
2022-01-02,5.9,-7.4
2022-01-03,11,-4.5
2022-01-04,20,2
2022-01-05,13.4,4.5
2022-01-06,5,-4.1
2022-01-07,11.3,-8.6
2022-01-08,22.7,10.8
2022-01-09,11.4,3
2022-01-10,10.7,-1.2
2022-01-11,9,2.6
2022-01-12,17.1,-0.4
2022-01-13,21.8,3.6
2022-01-14,24.7,3.4
2022-01-15,8.2,0.6
2022-01-16,17.6,-4.6
2022-01-17,18.7,0.8
2022-01-18,24.9,9.4
2022-01-19,19.9,-0.4
2022-01-20,0.1,-5.9
2022-01-21,6.2,-6.7
2022-01-22,9.4,-4.3
2022-01-23,13,6.6
2022-01-24,17,4.2
2022-01-25,15.2,1.6
2022-01-26,7.6,-0.4
2022-01-27,12.7,2.7
2022-01-28,11.8,-1.2
2022-01-29,16.1,-2.2
2022-01-30,18.7,0.3
2022-01-31,18.3,8.5
2022-02-01,21.7,8.6
2022-02-02,10.8,-4.7
2022-02-03,-4.6,-8.8
2022-02-04,1,-8.9
2022-02-05,7.5,-7.5
2022-02-06,12.6,-2.4
2022-02-07,12.3,0.8
2022-02-08,17.6,-2.5
2022-02-09,17.7,0.6
2022-02-10,19.6,3.5
2022-02-11,24.4,6.4
2022-02-12,10.5,3
2022-02-13,16,-2.9
2022-02-14,21.4,2.5
2022-02-15,23.3,6.2
2022-02-16,25.6,12
2022-02-17,16.1,-0.8
2022-02-18,11.4,-2.8
2022-02-19,16.5,1.6
2022-02-20,22.5,6.5
2022-02-21,25.2,10
2022-02-22,19.9,-0.3
2022-02-23,1.1,-9.1
2022-02-24,6.1,-6.8
2022-02-25,4.3,-7.8
2022-02-26,2.3,-2.1
2022-02-27,11.9,-3.4
2022-02-28,17.9,-1.2
2022-03-01,19.9,3.6
2022-03-02,22.1,6.9
2022-03-03,23.7,6.4
2022-03-04,27.4,13.1
2022-03-05,27.3,15
2022-03-06,27.8,3.8
2022-03-07,9.4,-1.1
2022-03-08,11.2,0.5
2022-03-09,16.1,-1.8
2022-03-10,20.5,3.2
2022-03-11,5.1,-3.1
2022-03-12,12.7,-5.6
2022-03-13,18.7,0.8
2022-03-14,24.5,8.5
2022-03-15,21.1,7.4
2022-03-16,27.9,3.8
2022-03-17,27.7,10.9
2022-03-18,18.2,4.9
2022-03-19,23.9,3.2
2022-03-20,25.7,10.3
2022-03-21,23.7,13.8
2022-03-22,14.1,6.1
2022-03-23,16.2,5.2
2022-03-24,21,1.4
2022-03-25,27,8.3
2022-03-26,31.4,10.1
2022-03-27,32.5,14.1
2022-03-28,33.1,14.9
2022-03-29,31.3,16.9
2022-03-30,18.8,10
2022-03-31,20.4,6.4
2022-04-01,26.4,10.6
2022-04-02,24.4,9.7
2022-04-03,31.4,13.3
2022-04-04,26.1,15.6
2022-04-05,33.1,12.9
2022-04-06,22.6,10.3
2022-04-07,20.2,7.5
2022-04-08,21.4,6.6
2022-04-09,29.9,7.8
2022-04-10,32.5,16.4
2022-04-11,31,17.8
2022-04-12,32.9,18.8
2022-04-13,27,14.2
2022-04-14,27.4,10.4
2022-04-15,34.1,16.5
2022-04-16,25.4,15.2
2022-04-17,32.1,13.2
2022-04-18,25.7,12.2
2022-04-19,25.7,13.7
2022-04-20,36.4,19.9
2022-04-21,33.1,20
2022-04-22,31.4,19.8
2022-04-23,33.3,19.6
2022-04-24,24.5,14.4
2022-04-25,19.2,13.3
2022-04-26,22.3,9.6
2022-04-27,25.3,14.1
2022-04-28,30.6,18.1
2022-04-29,34.4,20
2022-04-30,27.9,17.9
2022-05-01,28,17.1
2022-05-02,31.8,21.4
2022-05-03,23.4,10.8
2022-05-04,26,19.7
2022-05-05,26.8,16.7
2022-05-06,35.1,13.6
2022-05-07,39.2,18.7
2022-05-08,39.2,24.2
2022-05-09,38.4,24
2022-05-10,36.9,24.2
2022-05-11,33.2,22
2022-05-12,34.2,20.4
2022-05-13,32.4,21.6
2022-05-14,34.5,21
2022-05-15,38.8,21.1
2022-05-16,36.8,19.5
2022-05-17,39.4,23.3
2022-05-18,40,24.4
2022-05-19,40.6,23.7
2022-05-20,36.8,24.8
2022-05-21,31.7,19.2
2022-05-22,27,13.4
2022-05-23,26.4,17.4
2022-05-24,28.9,16.7
2022-05-25,24.4,10.8
2022-05-26,31.3,12.4
2022-05-27,34.1,18
2022-05-28,39.2,23
2022-05-29,38.5,23.5
2022-05-30,36.9,22.3
2022-05-31,36.8,23.2
2022-06-01,35.7,23
2022-06-02,30.1,20.8
2022-06-03,28.3,19.6
2022-06-04,32.9,18.9
2022-06-05,38.3,22.6
2022-06-06,40,23.9
2022-06-07,38.3,25.5
2022-06-08,34.3,25
2022-06-09,36.9,23.1
2022-06-10,38,24.8
2022-06-11,41,25.9
2022-06-12,42,27.4
2022-06-13,39.7,26.1
2022-06-14,38.1,24.8
2022-06-15,36.8,24.9
2022-06-16,38.9,24.8
2022-06-17,37.8,24.8
2022-06-18,37.1,25.6
2022-06-19,37.5,26
2022-06-20,38.3,26.2
2022-06-21,38.1,26.2
2022-06-22,37.7,25.3
2022-06-23,37.8,26.4
2022-06-24,39.6,27.3
2022-06-25,38.5,26.6
2022-06-26,38.6,25.6
2022-06-27,34.7,22.7
2022-06-28,30.7,23.7
2022-06-29,34.4,22.8
2022-06-30,37.5,24.6
2022-07-01,37.7,25.5
2022-07-02,37.9,26
2022-07-03,36.4,26
2022-07-04,37.4,24.5
2022-07-05,38.3,25.1
2022-07-06,39.5,25.6
2022-07-07,39.3,26.5
2022-07-08,38.9,27.2
2022-07-09,40.3,27.5
2022-07-10,40.4,26.5
2022-07-11,40.5,26.5
2022-07-12,38.8,27.8
2022-07-13,40.3,25.9
2022-07-14,37.3,27.7
2022-07-15,37.8,22.6
2022-07-16,38.5,24.5
2022-07-17,39,26.7
2022-07-18,39.9,25.9
2022-07-19,42.2,28.1
2022-07-20,40.6,28.5
2022-07-21,37.7,27.8
2022-07-22,37.8,27.3
2022-07-23,38.2,26.6
2022-07-24,37.6,26.2
2022-07-25,39.2,25.7
2022-07-26,39,25.7
2022-07-27,38.3,26.5
2022-07-28,36.6,26
2022-07-29,37.3,26.5
2022-07-30,37.8,26.7
2022-07-31,39,26.8
2022-08-01,38.6,26.7
2022-08-02,38.2,26.3
2022-08-03,39.4,25.9
2022-08-04,39.7,26.8
2022-08-05,39.3,27.6
2022-08-06,38,26.2
2022-08-07,36.2,25.4
2022-08-08,37.6,25.6
2022-08-09,37.7,25.7
2022-08-10,34.8,27.1
2022-08-11,37.2,24.4
2022-08-12,35.5,24.9
2022-08-13,36.3,25.6
2022-08-14,37.2,25.4
2022-08-15,35.5,24.1
2022-08-16,35.4,24
2022-08-17,35.4,25.2
2022-08-18,32.3,24.5
2022-08-19,30.4,23.4
2022-08-20,34,23.7
2022-08-21,33.7,23.8
2022-08-22,27.8,22.6
2022-08-23,30.7,21.1
2022-08-24,31.3,21.1
2022-08-25,32.5,22
2022-08-26,35.1,22.3
2022-08-27,35,23.6
2022-08-28,36.2,25
2022-08-29,35.7,23.9
2022-08-30,30.1,22.8
2022-08-31,29.2,21.8
2022-09-01,29.3,21.8
2022-09-02,31.3,22
2022-09-03,30.7,22.2
2022-09-04,33,20.4
2022-09-05,31.3,20.6
2022-09-06,32,20.8
2022-09-07,33.7,21
2022-09-08,33,20.1
2022-09-09,33,21.1
2022-09-10,32.1,21.9
2022-09-11,29,17.5
2022-09-12,30.5,19.3
2022-09-13,33.5,21.4
2022-09-14,32.6,21.1
2022-09-15,31.6,20.9
2022-09-16,33.1,21.3
2022-09-17,33.7,22.7
2022-09-18,34.4,22.8
2022-09-19,33.9,22.5
2022-09-20,34.3,22.9
2022-09-21,34.2,22.6
2022-09-22,32.9,21.2
2022-09-23,34.6,20
2022-09-24,33.7,21
2022-09-25,35.5,20.6
2022-09-26,31.2,20.4
2022-09-27,31,16.6
2022-09-28,31.1,17
2022-09-29,31.5,17.8
2022-09-30,31.1,16.5
2022-10-01,30.3,17
2022-10-02,28.3,15.1
2022-10-03,27.9,15
2022-10-04,28.6,15.4
2022-10-05,29.1,15.5
2022-10-06,29.9,15.8
2022-10-07,29.7,17.6
2022-10-08,26.4,15.9
2022-10-09,28.3,16.1
2022-10-10,28.2,17.1
2022-10-11,27.8,17.6
2022-10-12,29,19.5
2022-10-13,26.9,14.6
2022-10-14,29.2,12.3
2022-10-15,31.4,19.1
2022-10-16,24.3,15.8
2022-10-17,19.6,11.9
2022-10-18,17.9,10.8
2022-10-19,22.8,8.9
2022-10-20,27.5,11.2
2022-10-21,29.6,11.4
2022-10-22,31.6,16.8
2022-10-23,30.6,18.5
2022-10-24,27.1,14.4
2022-10-25,20.7,7.7
2022-10-26,22.9,7.8
2022-10-27,25.1,12
2022-10-28,16.1,9.7
2022-10-29,18,9.3
2022-10-30,20.8,7.2
2022-10-31,21.7,10.6
2022-11-01,22.1,11.9
2022-11-02,22.9,12.6
2022-11-03,26.8,16.4
2022-11-04,23.6,12.5
2022-11-05,21.2,5.7
2022-11-06,26.1,11.9
2022-11-07,25.5,11.7
2022-11-08,25.6,19
2022-11-09,25.5,18.6
2022-11-10,25.9,17.5
2022-11-11,16.5,3.2
2022-11-12,10.8,0.4
2022-11-13,12.2,1.4
2022-11-14,16.9,2.5
2022-11-15,9.1,-1.1
2022-11-16,9.9,3.5
2022-11-17,13.8,1
2022-11-18,6.9,1
2022-11-19,4.3,-0.2
2022-11-20,5.7,-0.6
2022-11-21,12.4,1
2022-11-22,13.4,2.2
2022-11-23,17.3,10.2
2022-11-24,18.6,10.8
2022-11-25,10.5,6.1
2022-11-26,9.3,3.3
2022-11-27,14.4,3.1
2022-11-28,20.1,3.2
2022-11-29,23.6,3.7
2022-11-30,7.8,-1.2
2022-12-01,11,1.9
2022-12-02,21.9,11.3
2022-12-03,11.4,4.6
2022-12-04,16.1,6.6
2022-12-05,23.3,13.8
2022-12-06,22,14.1
2022-12-07,24.1,16
2022-12-08,23.9,16.4
2022-12-09,22.5,16.1
2022-12-10,19.5,11.6
2022-12-11,16.1,9.2
2022-12-12,20.6,12.9
2022-12-13,17.4,8.5
2022-12-14,12,3.3
2022-12-15,11.1,0.2
2022-12-16,7.3,1.1
2022-12-17,9,-2.7
2022-12-18,12,0.6
2022-12-19,16.5,6.7
2022-12-20,7.8,1.5
2022-12-21,11.1,0.1
2022-12-22,5.2,-13.6
2022-12-23,-3.9,-13.2
2022-12-24,1.2,-7.7
2022-12-25,8.7,-5.8
2022-12-26,13.3,-2.1
2022-12-27,15.4,-2.3
2022-12-28,21.3,7.6
2022-12-29,16.6,7.4
2022-12-30,13.2,4.8
2022-12-31,21.2,3.8
2023-01-01,22.8,8.6
2023-01-02,22.7,12.4
2023-01-03,16.2,6.3
2023-01-04,16.5,5.4
2023-01-05,14.8,0.2
2023-01-06,23.6,7.8
2023-01-07,14.8,6.5
2023-01-08,15.9,2.9
2023-01-09,22.2,5.3
2023-01-10,26.5,8.3
2023-01-11,27,8.4
2023-01-12,15,5.3
2023-01-13,15,-0.9
2023-01-14,18.4,3.9
2023-01-15,21.4,8.7
2023-01-16,22.9,8.6
2023-01-17,23,7.8
2023-01-18,17.5,11
2023-01-19,14.1,3.2
2023-01-20,16.1,6.6
2023-01-21,15.8,6.4
2023-01-22,11.9,0.2
2023-01-23,12.9,1.5
2023-01-24,7.8,1.3
2023-01-25,9.5,-0.5
2023-01-26,10.5,-2
2023-01-27,14.4,-0.3
2023-01-28,18.9,5.3
2023-01-29,10.1,-4.8
2023-01-30,-2,-7.5
2023-01-31,-2.7,-7.4
2023-02-01,-1,-5.6
2023-02-02,6.4,-3.6
2023-02-03,10.6,-1.7
2023-02-04,14.5,-0.3
2023-02-05,20.9,1.6
2023-02-06,23.4,8.5
2023-02-07,14.3,5.1
2023-02-08,13.9,4
2023-02-09,15.8,1.4
2023-02-10,7.9,0.9
2023-02-11,11.7,-3.4
2023-02-12,18,0.5
2023-02-13,17.5,4.8
2023-02-14,18.9,10.2
2023-02-15,26.5,7.3
2023-02-16,9.5,-1.6
2023-02-17,8.5,-3.9
2023-02-18,10.5,-0.3
2023-02-19,19.2,5
2023-02-20,26.5,10.5
2023-02-21,29,10.8
2023-02-22,23.3,15
2023-02-23,16.2,5.3
2023-02-24,5.8,2.7
2023-02-25,12.6,2.7
2023-02-26,26.2,11.2
2023-02-27,21.5,8.3
2023-02-28,26,6.5
2023-03-01,23,12.9
2023-03-02,25.5,11.5
2023-03-03,18.2,5.3
2023-03-04,22,6.5
2023-03-05,27.9,11.3
2023-03-06,29,12.8
2023-03-07,28.5,13.8
2023-03-08,15.7,8.7
2023-03-09,19.4,10.6
2023-03-10,17.8,7.8
2023-03-11,30.5,15.4
2023-03-12,18.5,8.8
2023-03-13,16.2,5
2023-03-14,13.5,5
2023-03-15,22.8,7.8
2023-03-16,28.4,4.9
2023-03-17,11.2,2.5
2023-03-18,12.6,4
2023-03-19,14.6,1.5
2023-03-20,17.2,5.1
2023-03-21,26.1,10.2
2023-03-22,31.1,14.7
2023-03-23,27.8,17.9
2023-03-24,24.1,14.1
2023-03-25,22.1,10.7
2023-03-26,22,7.7
2023-03-27,19.6,7.7
2023-03-28,16.1,6.5
2023-03-29,20.9,8.4
2023-03-30,23.9,14.5
2023-03-31,25.7,13.5
2023-04-01,24.3,8.2
2023-04-02,31.6,15.3
2023-04-03,33.2,10.4
2023-04-04,34.3,20.4
2023-04-05,22.6,10.2
2023-04-06,19.2,6.8
2023-04-07,20,10.1
2023-04-08,23.8,9
2023-04-09,25,11.5
2023-04-10,24.2,14
2023-04-11,24,12.8
2023-04-12,26.1,12.3
2023-04-13,28.3,13.2
2023-04-14,33,16.2
2023-04-15,26.5,15.2
2023-04-16,22.2,9.8
2023-04-17,25,12
2023-04-18,29.4,15.9
2023-04-19,32.5,18.6
2023-04-20,26.1,17.6
2023-04-21,23.7,13.4
2023-04-22,26.3,9.5
2023-04-23,13,7.6
2023-04-24,18.4,8.3
2023-04-25,24.5,13.2
2023-04-26,28.1,15.1
2023-04-27,23.1,9.8
2023-04-28,24.6,11.3
2023-04-29,22.4,9.6
2023-04-30,31.5,10.2
2023-05-01,25.6,13.2
2023-05-02,27.4,15.7
2023-05-03,30,16.4
2023-05-04,30.1,19.8
2023-05-05,35.7,18.6
2023-05-06,31.8,19.5
2023-05-07,29.7,17.4
2023-05-08,35.3,18.6
2023-05-09,30.3,20.1
2023-05-10,29.7,17.3
2023-05-11,33.7,18.4
2023-05-12,31.3,16.4
2023-05-13,25.9,16.4
2023-05-14,25.6,16.7
2023-05-15,26.5,16.9
2023-05-16,26.9,17.1
2023-05-17,29.2,15.9
2023-05-18,31.1,18.2
2023-05-19,29.6,19.3
2023-05-20,25.4,14.4
2023-05-21,23.7,16.4
2023-05-22,29.1,15.6
2023-05-23,29.3,16.9
2023-05-24,28.7,17.6
2023-05-25,28.2,18.6
2023-05-26,28.3,18.5
2023-05-27,28.1,19.7
2023-05-28,27.3,18.9
2023-05-29,27.3,18.4
2023-05-30,30.7,17.1
2023-05-31,30.7,18.9
2023-06-01,30.2,20.1
2023-06-02,31.3,20.2
2023-06-03,26.7,17.5
2023-06-04,27.6,17.8
2023-06-05,26.2,17
2023-06-06,28.9,16.4
2023-06-07,29.3,18
2023-06-08,32.2,19
2023-06-09,35.8,20
2023-06-10,37.7,22.3
2023-06-11,37.7,23
2023-06-12,36.9,21.6
2023-06-13,31.1,22.6
2023-06-14,32.9,23.6
2023-06-15,37.2,23.2
2023-06-16,34.4,20.6
2023-06-17,36.9,23.7
2023-06-18,34,24.4
2023-06-19,39.6,24.6
2023-06-20,42.1,25.7
2023-06-21,41.2,25.6
2023-06-22,37.8,24.5
2023-06-23,36.9,24.7
2023-06-24,39.4,25.1
2023-06-25,40,26.2
2023-06-26,40.9,25.9
2023-06-27,41.5,26.9
2023-06-28,40.6,26.2
2023-06-29,38.5,25.2
2023-06-30,35.6,24.6
2023-07-01,32.1,22.1
2023-07-02,32.5,19.5
2023-07-03,33.9,21.3
2023-07-04,34.7,23
2023-07-05,35.1,23.8
2023-07-06,34.5,23.5
2023-07-07,34.5,22.9
2023-07-08,36,24.4
2023-07-09,38,25.5
2023-07-10,39.7,25.3
2023-07-11,36.5,28.3
2023-07-12,41.4,27.3
2023-07-13,41.5,27.3
2023-07-14,40.5,27
2023-07-15,39,26.8
2023-07-16,38.2,25.7
2023-07-17,40,27
2023-07-18,41.3,26.6
2023-07-19,40.7,26.7
2023-07-20,39.4,26
2023-07-21,37.8,25.7
2023-07-22,36,25
2023-07-23,37.5,24
2023-07-24,39.6,25.3
2023-07-25,38.9,25.8
2023-07-26,38.4,25.7
2023-07-27,38.5,25.8
2023-07-28,37.9,25.9
2023-07-29,38.8,25.3
2023-07-30,38.1,25.6
2023-07-31,38.9,26.7
2023-08-01,39.5,27.4
2023-08-02,39.4,27.3
2023-08-03,39.3,26.8
2023-08-04,39.9,27.2
2023-08-05,41,27.7
2023-08-06,41.1,27.5
2023-08-07,41.4,27.7
2023-08-08,41.5,27
2023-08-09,42.3,27.7
2023-08-10,42.6,28.7
2023-08-11,42,28.2
2023-08-12,41.5,27.4
2023-08-13,40.8,26.7
2023-08-14,36.8,27.9
2023-08-15,35.7,23.5
2023-08-16,37.3,24.6
2023-08-17,40.8,27.3
2023-08-18,41.6,27.8
2023-08-19,40.4,25.8
2023-08-20,39,26.6
2023-08-21,40.1,28.1
2023-08-22,38.5,26.8
2023-08-23,37.2,25.5
2023-08-24,38.7,25.2
2023-08-25,38.7,25.8
2023-08-26,37.2,27.5
2023-08-27,34.3,26.9
2023-08-28,35.2,25.4
2023-08-29,35.4,21.7
2023-08-30,35.2,23.5
2023-08-31,36.7,23.7
2023-09-01,37.9,24.7
2023-09-02,37.5,24.4
2023-09-03,37.8,25.7
2023-09-04,38.2,26.3
2023-09-05,39.6,26.3
2023-09-06,37.7,26.2
2023-09-07,39.2,26.9
2023-09-08,40.4,26.8
2023-09-09,38.5,26.6
2023-09-10,33.9,22.4
2023-09-11,34.5,22.9
2023-09-12,25.9,19.6
2023-09-13,25.4,18.8
2023-09-14,28,20.2
2023-09-15,28.4,21.6
2023-09-16,27.1,19.8
2023-09-17,28.5,18.1
2023-09-18,30.4,17.8
2023-09-19,33.2,21.3
2023-09-20,34.6,22.2
2023-09-21,34.3,23.5
2023-09-22,34.6,23.6
2023-09-23,37.2,24.2
2023-09-24,36.3,25.1
2023-09-25,32.9,22.7
2023-09-26,32.3,21.3
2023-09-27,31.7,21.7
2023-09-28,33.2,20.6
2023-09-29,33.3,21.6
2023-09-30,31.7,21.8
2023-10-01,31.3,22
2023-10-02,31.8,21.2
2023-10-03,32.3,21.6
2023-10-04,32.5,21
2023-10-05,26.5,18.8
2023-10-06,27.4,16.3
2023-10-07,21.5,11.1
2023-10-08,27.5,11.4
2023-10-09,28.4,12.8
2023-10-10,28.3,15.2
2023-10-11,30.7,18.2
2023-10-12,32.7,18.7
2023-10-13,24.5,17.2
2023-10-14,22.9,11
2023-10-15,19.8,9.5
2023-10-16,21.1,6.8
2023-10-17,26.1,7.6
2023-10-18,30.4,13.3
2023-10-19,29.5,14.6
2023-10-20,32.6,13.1
2023-10-21,31.1,14.8
2023-10-22,29.5,20.4
2023-10-23,24.9,19.5
2023-10-24,26.6,19.3
2023-10-25,23,19.1
2023-10-26,27.7,15.6
2023-10-27,27.1,16.3
2023-10-28,27,14.5
2023-10-29,15.4,1.6
2023-10-30,6.7,1.2
2023-10-31,12.6,-0.4
2023-11-01,13.5,0.2
2023-11-02,17.5,4
2023-11-03,21.7,7.7
2023-11-04,24,11.3
2023-11-05,24.4,10.9
2023-11-06,27.4,15.6
2023-11-07,29.4,14.7
2023-11-08,30.4,16.8
2023-11-09,19.1,9.3
2023-11-10,15.2,8.9
2023-11-11,16.9,11.6
2023-11-12,18,9.2
2023-11-13,14.3,10.4
2023-11-14,18.3,7.3
2023-11-15,19.7,10
2023-11-16,21.6,9.3
2023-11-17,18.4,12.4
2023-11-18,18.9,12.2
2023-11-19,22.7,11.2
2023-11-20,19.6,12.1
2023-11-21,14.2,6.1
2023-11-22,16.1,2.8
2023-11-23,17.8,3.1
2023-11-24,16.6,4.7
2023-11-25,12.7,7.1
2023-11-26,10.4,0.6
2023-11-27,11.4,-0.6
2023-11-28,14.6,3.3
2023-11-29,16.4,4.3
2023-11-30,21.5,10.7
2023-12-01,16.3,3.6
2023-12-02,18.6,6.8
2023-12-03,20,2.4
2023-12-04,16.8,2.8
2023-12-05,19,3
2023-12-06,19.5,4.8
2023-12-07,22.4,10.3
2023-12-08,26.2,12.8
2023-12-09,14.7,6.2
2023-12-10,12,-0.6
2023-12-11,16.3,1.9
2023-12-12,16.5,3.7
2023-12-13,13.5,9.2
2023-12-14,13.6,8.3
2023-12-15,14.8,5.1
2023-12-16,15.3,4
2023-12-17,18,2.3
2023-12-18,15.7,5.1
2023-12-19,17.6,5.7
2023-12-20,18.4,9
2023-12-21,17.9,12.6
2023-12-22,19.2,10.9
2023-12-23,19.6,11.1
2023-12-24,17.5,5.9
2023-12-25,8.7,1.1
2023-12-26,13.2,-0.6
2023-12-27,11.2,-0.8
2023-12-28,11.5,1.3
2023-12-29,13.5,-1.9
2023-12-30,15.9,-1.9
2023-12-31,16.5,3.3
